Chr	Start	Ref	Alt	ChipID	Gene	Protein	ChipPub	ChipFreq
chr1	1815788	C	A	id3168	GNB1	p.K57N	Jaiswal 2015	2
chr1	1815789	T	A	id12470	GNB1	p.K57M	Jaiswal 2015	3
chr1	1815790	T	C	id11645	GNB1	p.K57E	Jaiswal 2015	23
chr1	2558342	G	C	id14548	TNFRSF14	c.e3G1	Jaiswal 2015	1
chr1	2559888	G	G	id12761	TNFRSF14	p.G124fs	Jaiswal 2015	1
chr1	43349322	CTG	G	id15871	MPL	p.L513del	Jaiswal 2015	1
chr1	43349338	G	T	id3439	MPL	p.W515L	Jaiswal 2015	1
chr1	64835475	C	G	ID-7630	JAK1	p.Gly1097Ala	Desai	2
chr1	64845541	T	A	ID-8976	JAK1	p.Lys696Ile	Desai	1
chr1	114713900	A	C	PD29856c	NRAS	p.Y64D	Abelson VC	1
chr1	114713906	C	A	AH172	NRAS	p.Glu62*	Acuna-Hidalgo	2
chr1	114713907	T	G	id15579	NRAS	p.Q61H	Jaiswal 2015	1
chr1	114713908	T	C	id2857	NRAS	p.Q61R	Jaiswal 2015	2
chr1	114713909	G	T	PD35599b	NRAS	p.Q61K	Abelson VC	3
chr1	114713911	C	T	id7257	NRAS	p.G60E	Jaiswal 2015	1
chr1	114713914	G	T	EPIC_0223	NRAS	p.A59D	Abelson DC	1
chr1	114716123	C	T	id16047	NRAS	p.G13D	Jaiswal 2015	1
chr1	114716124	C	G	id5915	NRAS	p.G13R	Jaiswal 2015	1
chr1	116535965	C	T	id15637	CD58	p.G210S	Jaiswal 2015	1
chr1	117623146	G	C	id16047	FAM46C	p.L93fs	Jaiswal 2015	1
chr1	117623980	A	G	ID-958	FAM46C	p.Tyr371Cys	Desai	1
chr1	119925354	C	A	id11553	NOTCH2	p.E1488*	Jaiswal 2015	1
chr1	120069377	C	T	id12422	NOTCH2	p.W10*	Jaiswal 2015	1
chr1	150960905	G	C	id7288	SETDB1	p.H948fs	Jaiswal 2015	1
chr1	155904403	G	A	id8573	RIT1	p.R112fs	Jaiswal 2015	1
chr10	68572864	C	A	ID-3555	TET1	p.Gln176Lys	Desai	1
chr10	68682888	G	A	id15581	TET1	p.R1656H	Jaiswal 2015	1
chr10	110583949	C	T	id6729	SMC3	p.R360*	Jaiswal 2015	1
chr10	110598156	G	-	10524	SMC3	p.D712fs	Jaiswal 2017	1
chr11	533505	A	C	ID-4008	HRAS	p.Leu133Arg	Desai	1
chr11	32396361			123D	WT1	p.(Ala382Valfs*4)	Frick	1
chr11	32434757	G	A	ID-4027	WT1	p.Pro197Ser	Desai	1
chr11	64766017	G	G	id6458	SF1	p.Q574fs	Jaiswal 2015	1
chr11	64769339	C	G	id15592	SF1	c.e7G1	Jaiswal 2015	1
chr11	102325136	G	G	id11974	BIRC3	p.G209fs	Jaiswal 2015	1
chr11	108365360	G	A	rd-id-260	ATM	p.R3008H	Genovese 2015	1
chr11	119276035	G	A	ID-6789	CBL	p.Trp303Ter	Desai	1
chr11	119277827	C	T	EPIC_0397	CBL	p.H360Y	Abelson DC	1
chr11	119278181	T	C	EPIC_0349	CBL	p.Y371H	Abelson DC	3
chr11	119278182	A	G	EPIC_0392	CBL	p.Y371C	Abelson DC	1
chr11	119278196	T	C	AH15	CBL	p.Ser376Pro	Acuna-Hidalgo	1
chr11	119278200	C	T	AH13	CBL	p.Thr377Ile	Acuna-Hidalgo	1
chr11	119278202	T	G	EPIC_0100	CBL	p.F378V	Abelson DC	1
chr11	119278211	T	C	id4445	CBL	p.C381R	Jaiswal 2015	1
chr11	119278212	G	A	id15991	CBL	p.C381Y	Jaiswal 2015	2
chr11	119278214	A	G	id3465	CBL	p.K382E	Jaiswal 2015	1
chr11	119278219	A	G	ID-8976	CBL	p.Ile383Met	Desai	2
chr11	119278220	T	C	EPIC_0040	CBL	p.C384R	Abelson DC	2
chr11	119278221	G	A	AH10	CBL	p.Cys384Tyr	Acuna-Hidalgo	1
chr11	119278248	T	A	EPIC_0169	CBL	p.I393N	Abelson DC	1
chr11	119278254	C	A	AH9	CBL	p.Pro395His	Acuna-Hidalgo	1
chr11	119278257	G	A	AH14	CBL	p.Cys396Tyr	Acuna-Hidalgo	1
chr11	119278264	C	A	AH11	CBL	p.His398Gln	Acuna-Hidalgo	2
chr11	119278266	T	A	EPIC_0291	CBL	p.L399H	Abelson DC	1
chr11	119278281	G	A	5659	CBL	p.(Cys404Tyr)	Arends	6
chr11	119278295	C	T	BGM1305146	CBL	p.Q409*	Jaiswal 2017	1
chr11	119278525	G	A	id16015	CBL	p.G415S	Jaiswal 2015	2
chr11	119278526	G	T	AH20	CBL	p.Gly415Val	Acuna-Hidalgo	1
chr11	119278528	T	A	EPIC_0208	CBL	p.C416S	Abelson DC	1
chr11	119278529	G	A	5029	CBL	p.(Cys416Tyr)	Arends	1
chr11	119278534	T	A	id3807	CBL	p.F418I	Jaiswal 2015	1
chr11	119278535	T	C	6543	CBL	p.(Phe418Ser)	Arends	1
chr11	119278536	C	G	AH17	CBL	p.Phe418Leu	Acuna-Hidalgo	1
chr11	119278538	G	C	AH12	CBL	p.Cys419Ser	Acuna-Hidalgo	1
chr11	119278541	G	A	ID-9507	CBL	p.Arg420Gln	Desai	7
chr11	119278570	G	A	PD35704b	CBL	p.V430M	Abelson VC	2
chr11	119278577	A	G	EPIC_0058	CBL	p.D432G	Abelson DC	1
chr11	119278580			15D	CBL	p.(Pro433Q)	Frick	1
chr11	119278583	T	C	ID-51	CBL	p.Phe434Ser	Desai	1
chr11	119278645	-	ATG	EPIC_0074	CBL	p.Y455fs*16	Abelson DC	1
chr11	119285359	G	GC	ID-312	CBL	p.Val581CysfsTer4	Desai	1
chr11	119299746	G	T	ID-8285	CBL	p.Val896Phe	Desai	1
chr12	11869462			322D	ETV6	p.(Asn168Asp)	Frick	1
chr12	11869568	C	G	id3843	ETV6	p.S203fs	Jaiswal 2015	1
chr12	11884465	T	TA	ID-6963	ETV6	p.Tyr344Ter	Desai	1
chr12	11884525	G	T	4709	ETV6	p.(Glu364*)	Arends	1
chr12	11884575	G	A	ID-6963	ETV6	p.Trp380Ter	Desai	1
chr12	25225627	G	A	id15632	KRAS	p.A146V	Jaiswal 2015	2
chr12	25225628	C	T	PD35711b	KRAS	p.A146T	Abelson VC	1
chr12	25225713	T	G	id13666	KRAS	p.K117N	Jaiswal 2015	1
chr12	25227341	T	G	PD35534b	KRAS	p.Q61H	Abelson VC	1
chr12	25227342	T	C	EPIC_0435	KRAS	p.Q61R	Abelson DC	1
chr12	25245314	A	T	EPIC_0486	KRAS	p.I24N	Abelson DC	1
chr12	25245321	G	T	EPIC_0084	KRAS	p.Q22K	Abelson DC	1
chr12	25245347	C	T	EPIC_0054	KRAS	p.G13D	Abelson DC	5
chr12	25245350	C	A	EPIC_0292	KRAS	p.G12V	Abelson DC	5
chr12	25245351	C	A	id4833	KRAS	p.G12C	Jaiswal 2015	1
chr12	49024634	C	CA	PD29810c	KMT2D	p.M5332fs*13	Abelson VC	1
chr12	49034153	G	T	id7288	MLL2	p.K3551fs	Jaiswal 2015	1
chr12	49040518	G	A	id17045	MLL2	p.Q2418*	Jaiswal 2015	1
chr12	49041174	TA	T	PD35665c	KMT2D	p.Y2199fs*65	Abelson VC	1
chr12	49048032	GC	G	PD35637c	KMT2D	p.A1390fs*27	Abelson VC	1
chr12	49051150	G	G	id8776	MLL2	p.R845fs	Jaiswal 2015	1
chr12	49634067	C	T	id11569	PRPF40B	p.Q241*	Jaiswal 2015	1
chr12	111310557	T	C	AH22	CUX2	p.Leu592Pro	Acuna-Hidalgo	1
chr12	112450344	A	G	EPIC_0223	PTPN11	p.K55R	Abelson DC	1
chr12	112450368	A	G	id15878	PTPN11	p.Y63C	Jaiswal 2015	2
chr12	112450375	G	T	AH173	PTPN11	p.Leu65Leu	Acuna-Hidalgo	1
chr12	112450385	G	C	id9785	PTPN11	p.E69Q	Jaiswal 2015	1
chr12	112450386	A	C	Ah178	PTPN11	p.Glu69Ala	Acuna-Hidalgo	1
chr12	112450397	A	G	Ah177	PTPN11	p.Thr73Ala	Acuna-Hidalgo	1
chr12	112486532	G	A	EPIC_0226	PTPN11	p.V428M	Abelson DC	2
chr13	28018505	C	G	EPIC_0493	FLT3	p.D835H	Abelson DC	1
chr13	28034144	A	G	id6574	FLT3	p.V592A	Jaiswal 2015	1
chr13	28397014	T	C	ID-8323	FLT1	p.Ile536Val	Desai	1
chr13	28427917	T	A	ID-6386	FLT1	p.Lys371Ter	Desai	1
chr13	32701356	C	T	BGM1305146	PDS5B	p.Q592*	Jaiswal 2017	1
chr14	31107205	A	G	AH159	HECTD1	p.Ser2223Pro	Acuna-Hidalgo	1
chr14	99175050	C	T	id3170	BCL11B	p.G596S	Jaiswal 2015	1
chr15	90088607	T	A	EPIC_0496	IDH2	p.R172W	Abelson DC	1
chr15	90088702	C	T	EPIC_0234	IDH2	p.R140Q	Abelson DC	23
chr15	90088703	G	A	ID-4734	IDH2	p.Arg140Trp	Desai	2
chr16	3736066	T	G	id1443	CREBBP	p.E1566fs	Jaiswal 2015	1
chr16	3758974	T	C	6169	CREBBP	c.e17-2	Jaiswal 2017	1
chr16	3767720	T	G	id8258	CREBBP	p.I1084fs	Jaiswal 2015	1
chr16	3778055	G	C	id10673	CREBBP	p.A690fs	Jaiswal 2015	1
chr16	3778079	G	G	id3674	CREBBP	p.Q682fs	Jaiswal 2015	1
chr16	3782751	A	AGGCTGCAGCTGCGTCTGG	ID-5805	CREBBP	p.Asn494_Gln495insProAspAlaAlaAlaAla	Desai	1
chr16	3793446	G	A	id14548	CREBBP	p.R386*	Jaiswal 2015	1
chr16	3810721	G	G	id6570	CREBBP	p.Q286fs	Jaiswal 2015	1
chr16	3850488	G	A	ID-7719	CREBBP	p.Gln203Ter	Desai	1
chr17	7670685	G	A	id3959	TP53	p.R342*	Jaiswal 2015	1
chr17	7670700	G	A	ID-2351	TP53	p.Arg337Cys	Desai	1
chr17	7673534	C	T	EPIC_0261	TP53	p.?	Abelson DC	2
chr17	7673547	A	T	PD35529b	TP53	p.Y327*	Abelson VC	1
chr17	7673567	T	A	ID-4027	TP53	p.Lys321Ter	Desai	1
chr17	7673764	C	T	5727	TP53	p.(Glu286Lys)	Arends	1
chr17	7673772	C	T	id9876	TP53	p.R283H	Jaiswal 2015	2
chr17	7673776	G	A	id16017	TP53	p.R282W	Jaiswal 2015	1
chr17	7673779	C	T	id2305	TP53	p.D281N	Jaiswal 2015	1
chr17	7673781	C	T	PD30120b	TP53	p.R280K	Abelson VC	1
chr17	7673782	T	C	id16933	TP53	p.R280G	Jaiswal 2015	1
chr17	7673787	G	T	ID-8935	TP53	p.Pro278His	Desai	1
chr17	7673796	C	A	ID-9968	TP53	p.Cys275Phe	Desai	2
chr17	7673802	C	T	ID-4580	TP53	p.Arg273His	Desai	4
chr17	7673803	G	A	EPIC_0309	TP53	p.R273C	Abelson DC	2
chr17	7673806	C	T	EPIC_0368	TP53	p.V272M	Abelson DC	3
chr17	7673831	A	C	EPIC_0292	TP53	p.N263K	Abelson DC	1
chr17	7673838	C	T	ID-9968	TP53		Desai	1
chr17	7674220	C	T	id4884	TP53	p.R248Q	Jaiswal 2015	4
chr17	7674221	G	C	EPIC_0317	TP53	p.R248G	Abelson DC	5
chr17	7674227	T	C	EPIC_0413	TP53	p.M246V	Abelson DC	1
chr17	7674230	C	T	6540	TP53	p.(Gly245Ser)	Arends	3
chr17	7674238	C	T	ID-7149	TP53	p.Cys242Tyr	Desai	1
chr17	7674241	G	C	id17155	TP53	p.S241C	Jaiswal 2015	1
chr17	7674247	T	C	ID-9161	TP53	p.Asn239Ser	Desai	1
chr17	7674250	C	T	rd-id-267	TP53	p.C238Y	Genovese 2015	1
chr17	7674252	C	T	AH193	TP53	p.Met237Ile	Acuna-Hidalgo	1
chr17	7674253	A	T	AH171	TP53	p.Met237Lys	Acuna-Hidalgo	1
chr17	7674260	T	C	id14981	TP53	p.N235D	Jaiswal 2015	1
chr17	7674262	T	C	EPIC_0099	TP53	p.Y234C	Abelson DC	2
chr17	7674872	T	C	ID-8939	TP53	p.Tyr220Cys	Desai	5
chr17	7674873	A	G	id3142	TP53	p.Y220H	Jaiswal 2015	1
chr17	7674885	C	T	AH127	TP53	p.Val216Met	Acuna-Hidalgo	2
chr17	7674894	G	A	AH196	TP53	p.Arg213*	Acuna-Hidalgo	1
chr17	7674941	A	T	EPIC_0448	TP53	p.V197E	Abelson DC	1
chr17	7674947	A	C	ID-7146	TP53	p.Ile195Ser	Desai	1
chr17	7674953	T	C	id6883	TP53	p.H193R	Jaiswal 2015	1
chr17	7675071	G	A	id14694	TP53	p.R181C	Jaiswal 2015	1
chr17	7675072	CTCATGGTGGGGGCAGCGCCTCACAACCTCCGT	-	EPIC_0044	TP53	p.T170fs*5	Abelson DC	1
chr17	7675076	T	C	EPIC_0005	TP53	p.H179R	Abelson DC	1
chr17	7675082	G	C	id5804	TP53	p.P177R	Jaiswal 2015	1
chr17	7675086	A	T	EPIC_0415	TP53	p.C176S	Abelson DC	1
chr17	7675088	C	T	ID-947	TP53	p.Arg175His	Desai	4
chr17	7675094	A	T	id10986	TP53	p.V173E	Jaiswal 2015	1
chr17	7675095	C	A	EPIC_0292	TP53	p.V173L	Abelson DC	1
chr17	7675109	T	C	5914	TP53	p.(His168Arg)	Arends	1
chr17	7675113	G	A	ID-2351	TP53	p.Gln167Ter	Desai	1
chr17	7675131	C	T	ID-4884	TP53	p.Ala161Thr	Desai	1
chr17	7675136	G	T	6186	TP53	p.(Ala159Asp)	Arends	1
chr17	7675139	C	T	id4972	TP53	p.R158H	Jaiswal 2015	1
chr17	7675145	C	T	id13772	TP53	p.R156H	Jaiswal 2015	1
chr17	7675157	G	A	id17168	TP53	p.P152L	Jaiswal 2015	1
chr17	7675160	G	C	EPIC_0291	TP53	p.P151R	Abelson DC	1
chr17	7675174	C	T	id13823	TP53	p.W146*	Jaiswal 2015	1
chr17	7675175	C	T	id16840	TP53	p.W146*	Jaiswal 2015	1
chr17	7675178	A	G	ID-3569	TP53	p.Leu145Pro	Desai	1
chr17	7675185	C	T	ID-9161	TP53	p.Val143Met	Desai	1
chr17	7675206	G	C	EPIC_0309	TP53	p.Q136E	Abelson DC	1
chr17	7675218	T	C	id15972	TP53	p.K132E	Jaiswal 2015	2
chr17	7675228	AG	A	ID-6847	TP53	p.Pro128LeufsTer42	Desai	1
chr17	7675237	C	T	EPIC_0099	TP53	p.?	Abelson DC	1
chr17	7675997	G	C	id14877	TP53	p.C124fs	Jaiswal 2015	1
chr17	7676028	A	T	AH197	TP53	p.Leu114*	Acuna-Hidalgo	1
chr17	7676032	A	C	AH187	TP53	p.Phe113Val	Acuna-Hidalgo	1
chr17	7676040	C	G	EPIC_0263	TP53	p.R110P	Abelson DC	3
chr17	7676041	G	A	id16019	TP53	p.R110C	Jaiswal 2015	2
chr17	7676071	G	A	ID-4443	TP53	p.Gln100Ter	Desai	1
chr17	7676090	CA	C	ID-2351	TP53	p.Leu93ArgfsTer30	Desai	1
chr17	7676152	G	G	id7283	TP53	p.P72fs	Jaiswal 2015	1
chr17	7676153	G	G	326D	TP53	p.(Pro72Profs*51)	Frick	2
chr17	7676220	A	G	EPIC_0348	TP53	p.I50T	Abelson DC	1
chr17	7676391	GT	G	ID-7923	TP53	p.Asn29ThrfsTer15	Desai	1
chr17	31200443	C	T	EPIC_0402	NF1	p.R304*	Abelson DC	1
chr17	31235916	A	G	PD35688b	NF1	p.?	Abelson VC	1
chr17	31235939	C	T	PD35760c	NF1	p.Q1298*	Abelson VC	1
chr17	31249117	C	T	PD35618c	NF1	p.Q1370*	Abelson VC	1
chr17	31336332	G	T	EPIC_0202	NF1	p.?	Abelson DC	1
chr17	31356490	C	G	EPIC_0119	NF1	p.S2549*	Abelson DC	1
chr17	31976553	C	T	BGM1665766	SUZ12	p.R286*	Jaiswal 2017	2
chr17	31988442	AG	G	id5830	SUZ12	p.S382fs	Jaiswal 2015	1
chr17	42322401			254D	STAT3	p.(Asp661Val)	Frick	1
chr17	42322402	C	A	id6064	STAT3	p.D661Y	Jaiswal 2015	3
chr17	42322464	T	A	rd-id-269	STAT3	p.Y640F	Genovese 2015	1
chr17	42323040	C	G	id15379	STAT3	p.G618R	Jaiswal 2015	1
chr17	60600760	G	GC	rd-id-270	PPM1D		Genovese 2015	1
chr17	60647948	GAC	G	rd-id-271	PPM1D		Genovese 2015	1
chr17	60656802	T	A	rd-id-272	PPM1D	p.C407X	Genovese 2015	1
chr17	60663013	TG	T	rd-id-273	PPM1D		Genovese 2015	1
chr17	60663106	C	T	rd-id-274	PPM1D	p.R458X	Genovese 2015	2
chr17	60663146	CA	C	rd-id-276	PPM1D		Genovese 2015	1
chr17	60663164	AT	A	rd-id-277	PPM1D		Genovese 2015	1
chr17	60663171	T	TA	rd-id-278	PPM1D		Genovese 2015	1
chr17	60663182	C	CT	rd-id-279	PPM1D		Genovese 2015	1
chr17	60663199	TC	T	rd-id-280	PPM1D		Genovese 2015	1
chr17	60663262	C	CA	rd-id-281	PPM1D		Genovese 2015	1
chr17	60663263	A	-	13531	PPM1D	p.Q510fs	Jaiswal 2017	1
chr17	60663307	G	T	rd-id-282	PPM1D	p.E525X	Genovese 2015	1
chr17	60663352	G	T	rd-id-283	PPM1D	p.E540X	Genovese 2015	1
chr17	60663445			181D	PPM1D	p.(Q571*)	Frick	1
chr17	60663448	C	T	6303	PPM1D	p.(Arg572*)	Arends	2
chr17	63929438	T	G	id6059	CD79B	p.Y196S	Jaiswal 2015	1
chr17	76736853	CGGCGGCTGTGGTGTGAGTCCGGGG	C	rd-id-285	SRSF2		Genovese 2015	2
chr17	76736877	G	A	id16191	SFRS2	p.P95L	Jaiswal 2015	58
chr17	76736878	G	T	id16192	SFRS2	p.P95T	Jaiswal 2015	2
chr17	76736880	-	GAG	EPIC_0477	SRSF2	p.R94fs*151	Abelson DC	1
chr17	76737031	A	G	id15776	SFRS2	p.Y44H	Jaiswal 2015	1
chr18	51078305	C	T	AH180	SMAD4	p.Cys499Cys	Acuna-Hidalgo	1
chr19	1440428	C	G	id3771	RPS15	p.A135G	Jaiswal 2015	1
chr19	12943762	AGGAGGAGGAAGAAGACAAGAAACGCAAAGAGGAG	C	ID-7854	CALR	p.Lys368ThrfsTer51	Desai	1
chr19	12943791	GAG	-	EPIC_0084	CALR	p.E378fs*10	Abelson DC	1
chr19	12943813	-	TTGTC	EPIC_0123	CALR	p.K385fs*5	Abelson DC	1
chr19	17837143	C	T	5941	JAK3	p.(Cys591Tyr)	Arends	1
chr19	17838299	C	T	id1146	JAK3	p.M511I	Jaiswal 2015	1
chr19	33301578	G	C	ID-2307	CEBPA	p.Asp279Glu	Desai	1
chr19	33301847	A	G	PD29918b	CEBPA	p.S190P	Abelson VC	1
chr19	35723042	G	G	id12338	MLL2	p.R924fs	Jaiswal 2015	1
chr19	44794222			207D	CBLC	p.(Pro435Ser)	Frick	3
chr19	54143151	G	A	id1662	CNOT3	p.E20K	Jaiswal 2015	1
chr2	25234286	C	A	PD35780c	DNMT3A	p.C911F	Abelson VC	1
chr2	25234290	C	G	ID-5006	DNMT3A	p.Ala910Pro	Desai	1
chr2	25234291	AA	-	EPIC_0196	DNMT3A	p.F909fs*13	Abelson DC	3
chr2	25234293			460D	DNMT3A	p.(Phe909Val)	Frick	1
chr2	25234295	T	C	181D	DNMT3A	p.(Tyr908Cys)	Frick	5
chr2	25234299	C	T	rd-id-4	DNMT3A	p.E907K	Genovese 2015	1
chr2	25234302	T	C	EPIC_0509	DNMT3A	p.K906E	Abelson DC	2
chr2	25234304	A	C	EPIC_0280	DNMT3A	p.L905R	Abelson DC	4
chr2	25234307	G	A	EPIC_0049	DNMT3A	p.P904L	Abelson DC	18
chr2	25234310	GC	G	id1518	DNMT3A	p.A903fs	Jaiswal 2015	1
chr2	25234312	G	A	id6054	DNMT3A	p.F902fs	Jaiswal 2015	1
chr2	25234313	A	T	5849	DNMT3A	p.(Phe902Tyr)	Arends	1
chr2	25234316	A	T	id14602	DNMT3A	p.L901H	Jaiswal 2015	2
chr2	25234322	C	T	6151	DNMT3A	p.(Arg899His)	Arends	1
chr2	25234323	G	A	ID-9027	DNMT3A	p.Arg899Cys	Desai	2
chr2	25234335	C	T	ID-9948	DNMT3A	p.Val895Met	Desai	2
chr2	25234338	G	C	id12337	DNMT3A	p.W893fs	Jaiswal 2015	1
chr2	25234340	C	T	PD35518b	DNMT3A	p.W893*	Abelson VC	2
chr2	25234346	CG	C	rd-id-14	DNMT3A		Genovese 2015	1
chr2	25234349	C	T	id1006	DNMT3A	p.G890D	Jaiswal 2015	2
chr2	25234353	G	C	AH39	DNMT3A	p.Leu889Val	Acuna-Hidalgo	1
chr2	25234355	A	G	AH27	DNMT3A	p.Leu888Pro	Acuna-Hidalgo	1
chr2	25234359	T	A	AH53	DNMT3A	p.Arg887*	Acuna-Hidalgo	1
chr2	25234362	G	A	EPIC_0032	DNMT3A	p.Q886*	Abelson DC	4
chr2	25234363	C	A	AH32	DNMT3A	p.Arg885Ser	Acuna-Hidalgo	1
chr2	25234367	G	A	AH34	DNMT3A	p.Ala884Val	Acuna-Hidalgo	1
chr2	25234368	C	T	AH30	DNMT3A	p.Ala884Thr	Acuna-Hidalgo	1
chr2	25234369	G	A	id3225	DNMT3A	p.L883fs	Jaiswal 2015	1
chr2	25234373	C	T	EPIC_0378	DNMT3A	p.R882H	Abelson DC	111
chr2	25234374	G	A	EPIC_0203	DNMT3A	p.R882C	Abelson DC	58
chr2	25234376	C	A	id5767	DNMT3A	p.S881I	Jaiswal 2015	1
chr2	25234378	C	A	AH129	DNMT3A	p.Met880Ile	Acuna-Hidalgo	1
chr2	25234380	T	C	id2054	DNMT3A	p.M880V	Jaiswal 2015	4
chr2	25234400	T	G	ID-4660	DNMT3A	p.His873Pro	Desai	1
chr2	25234412	C	A	id3283	DNMT3A	p.G869V	Jaiswal 2015	1
chr2	25234413	C	A	EPIC_0454	DNMT3A	p.G869C	Abelson DC	1
chr2	25234414	A	G	id9594	DNMT3A	p.F868fs	Jaiswal 2015	1
chr2	25234416	A	G	PD35675b	DNMT3A	p.F868L	Abelson VC	1
chr2	25234421	C	T	7004	DNMT3A	c.e23-1	Jaiswal 2017	1
chr2	25235705	A	T	EPIC_0226	DNMT3A	p.?	Abelson DC	2
chr2	25235706	C	T	AH126	DNMT3A	p.?	Acuna-Hidalgo	1
chr2	25235707	C	A	AH35	DNMT3A	p.Arg866Met	Acuna-Hidalgo	1
chr2	25235710	T	A	EPIC_0169	DNMT3A	p.E865V	Abelson DC	1
chr2	25235711	C	T	PD35705b	DNMT3A	p.E865K	Abelson VC	1
chr2	25235713	A	C	AH26	DNMT3A	p.Met864Arg	Acuna-Hidalgo	1
chr2	25235716	T	C	AH37	DNMT3A	p.Glu863Gly	Acuna-Hidalgo	1
chr2	25235719	G	A	ID-4660	DNMT3A	p.Thr862Ile	Desai	4
chr2	25235721	G	T	AH44	DNMT3A	p.Cys861*	Acuna-Hidalgo	1
chr2	25235722			AH137	DNMT3A	p.C861*	Acuna-Hidalgo	1
chr2	25235724	C	T	6309	DNMT3A	p.(Trp860*)	Arends	4
chr2	25235725	C	T	8553	DNMT3A	p.W860*	Jaiswal 2017	1
chr2	25235726	AT	-	EPIC_0165	DNMT3A	p.L859fs*22	Abelson DC	20
chr2	25235727			AH136	DNMT3A	p.Trp860fs	Acuna-Hidalgo	1
chr2	25235728	AA	G	id2249	DNMT3A	p.L859fs	Jaiswal 2015	3
chr2	25235733	G	G	id9931	DNMT3A	p.D857fs	Jaiswal 2015	1
chr2	25235734	T	G	AH38	DNMT3A	p.Asp857Ala	Acuna-Hidalgo	1
chr2	25235736			AH143	DNMT3A	p.Glu856fs	Acuna-Hidalgo	1
chr2	25235739			AH144	DNMT3A	p.Glu856fs	Acuna-Hidalgo	1
chr2	25235750	T	C	rd-id-45	DNMT3A	p.M852V	Genovese 2015	1
chr2	25235751			AH133	DNMT3A	p.Met852fs	Acuna-Hidalgo	1
chr2	25235753	AG	G	id5711	DNMT3A	p.V850fs	Jaiswal 2015	1
chr2	25235756	C	T	EPIC_0272	DNMT3A	p.V850I	Abelson DC	1
chr2	25235757	AG	A	ID-493	DNMT3A	p.Pro849LeufsTer4	Desai	1
chr2	25235761	A	G	ID-9381	DNMT3A	p.Phe848Ser	Desai	1
chr2	25235766	CTGGT	G	id17135	DNMT3A	p.D845fs	Jaiswal 2015	1
chr2	25235768	G	A	5791	DNMT3A	p.(Gln846*)	Arends	1
chr2	25235777	C	T	rd-id-46	DNMT3A	p.G843S	Genovese 2015	1
chr2	25235780	G	A	EPIC_0269	DNMT3A	p.Q842*	Abelson DC	1
chr2	25235784	G	A	id13494	DNMT3A	p.I840fs	Jaiswal 2015	1
chr2	25235792	T	C	13632	DNMT3A	p.N838D	Jaiswal 2017	1
chr2	25235800	G	T	EPIC_0503	DNMT3A	p.T835K	Abelson DC	1
chr2	25235815	AC	A	ID-7876	DNMT3A	p.Val830Ter	Desai	1
chr2	25235819	T	A	PD35563b	DNMT3A	p.K829*	Abelson VC	2
chr2	25235823	G	G	id15890	DNMT3A	p.F827fs	Jaiswal 2015	1
chr2	25235826	C	T	PD35788b	DNMT3A	p.?	Abelson VC	3
chr2	25235827	T	C	EPIC_0300	DNMT3A	p.?	Abelson DC	8
chr2	25236935	C	T	EPIC_0191	DNMT3A	p.?	Abelson DC	6
chr2	25236936	C	G	EPIC_0306	DNMT3A	p.K826N	Abelson DC	1
chr2	25236937	T	G	EPIC_0027	DNMT3A	p.K826T	Abelson DC	4
chr2	25236952	T	C	211D	DNMT3A	p.(His821Metfs*4)	Frick	2
chr2	25236960	A	T	EPIC_0127	DNMT3A	p.C818*	Abelson DC	1
chr2	25236968	G	A	rd-id-49	DNMT3A	p.Q816X	Genovese 2015	1
chr2	25236969	C	CAGCTCCAGCT	ID-330	DNMT3A	p.Gln816AlafsTer42	Desai	1
chr2	25236976	AGCT	-	EPIC_0230	DNMT3A	p.K812_L813delinsM	Abelson DC	1
chr2	25236982	T	A	EPIC_0409	DNMT3A	p.D811V	Abelson DC	1
chr2	25237002	CGGC	-	6055	DNMT3A	p.RP803fs	Jaiswal 2017	1
chr2	25237003	G	A	id2965	DNMT3A	p.P804L	Jaiswal 2015	1
chr2	25237006	C	G	6137	DNMT3A	c.e21-1	Jaiswal 2017	1
chr2	25239125	C	T	PD35755b	DNMT3A	p.?	Abelson VC	2
chr2	25239128	A	C	ID-90	DNMT3A		Desai	2
chr2	25239129	C	T	rd-id-50	DNMT3A		Genovese 2015	1
chr2	25239131	T	C	PD35554b	DNMT3A	p.R803G	Abelson VC	2
chr2	25239136	A	G	PD35652c	DNMT3A	p.M801T	Abelson VC	1
chr2	25239137	T	C	5851	DNMT3A	p.(Met801Val)	Arends	1
chr2	25239142	G	C	EPIC_0289	DNMT3A	p.P799R	Abelson DC	2
chr2	25239143	G	T	EPIC_0511	DNMT3A	p.P799T	Abelson DC	1
chr2	25239145	A	G	EPIC_0421	DNMT3A	p.L798P	Abelson DC	1
chr2	25239146	G	G	id15563	DNMT3A	p.L798fs	Jaiswal 2015	1
chr2	25239147	GT	G	ID-6370	DNMT3A	p.Asn797ThrfsTer5	Desai	2
chr2	25239149	T	C	PD35600c	DNMT3A	p.N797D	Abelson VC	1
chr2	25239150	AC	A	ID-2595	DNMT3A	p.Gly796ValfsTer6	Desai	1
chr2	25239151	C	A	id8952	DNMT3A	p.G796V	Jaiswal 2015	2
chr2	25239152	C	A	EPIC_0126	DNMT3A	p.G796C	Abelson DC	1
chr2	25239153	C	T	id3421	DNMT3A	p.W795*	Jaiswal 2015	1
chr2	25239154	C	T	6D	DNMT3A	p.(Trp795*)	Frick	2
chr2	25239155	A	G	rd-id-52	DNMT3A	p.W795R	Genovese 2015	1
chr2	25239156	G	C	EPIC_0073	DNMT3A	p.F794L	Abelson DC	2
chr2	25239163	C	T	rd-id-53	DNMT3A	p.R792H	Genovese 2015	1
chr2	25239184	A	G	id3033	DNMT3A	p.V785fs	Jaiswal 2015	1
chr2	25239186			443D	DNMT3A	p.(Glu784Glufs*18)	Frick	1
chr2	25239194			88D	DNMT3A	p.(Ile780Profs*20)	Frick	1
chr2	25239199	A	C	EPIC_0076	DNMT3A	p.I780S	Abelson DC	7
chr2	25239204	-	ACAGGGTTGGACTACAAA	EPIC_0399	DNMT3A	p.M779fs*2	Abelson DC	2
chr2	25239206	C	T	PD35578c	DNMT3A	p.V778M	Abelson VC	2
chr2	25239208	G	C	249D	DNMT3A	p.(Pro777His)	Frick	3
chr2	25239216	C	T	ID-3299	DNMT3A		Desai	2
chr2	25239217	T	G	EPIC_0098	DNMT3A	p.?	Abelson DC	2
chr2	25240299	T	G	AH63	DNMT3A	p.?	Acuna-Hidalgo	1
chr2	25240300	A	G	EPIC_0152	DNMT3A	p.?	Abelson DC	2
chr2	25240301	C	T	EPIC_0270	DNMT3A	p.?	Abelson DC	3
chr2	25240302	C	G	6172	DNMT3A	p.(Glu774Asp)	Arends	5
chr2	25240303	T	C	BGM1696906	DNMT3A	p.E774G	Jaiswal 2017	1
chr2	25240304	C	A	AH67	DNMT3A	p.Glu774*	Acuna-Hidalgo	2
chr2	25240305	GAGAAATCGCGAGAT	G	rd-id-57	DNMT3A		Genovese 2015	1
chr2	25240306	A	C	id12726	DNMT3A	p.L773R	Jaiswal 2015	2
chr2	25240308			6D	DNMT3A	p.(Phe772Phefs*7)	Frick	1
chr2	25240309	A	C	AH116	DNMT3A	p.Phe772Cys	Acuna-Hidalgo	1
chr2	25240310	A	G	EPIC_0132	DNMT3A	p.F772L	Abelson DC	2
chr2	25240312	C	A	PD35580b	DNMT3A	p.R771L	Abelson VC	8
chr2	25240313	G	A	EPIC_0076	DNMT3A	p.R771*	Abelson DC	21
chr2	25240315	G	A	EPIC_0464	DNMT3A	p.S770L	Abelson DC	12
chr2	25240316	A	G	id14786	DNMT3A	p.S770P	Jaiswal 2015	1
chr2	25240317	G	C	AH112	DNMT3A	p.Ile769Met	Acuna-Hidalgo	1
chr2	25240318	A	G	rd-id-60	DNMT3A	p.I769T	Genovese 2015	2
chr2	25240319	T	G	AH100	DNMT3A	p.Ile769Leu	Acuna-Hidalgo	1
chr2	25240320	G	T	AH24	DNMT3A	p.Asp768Glu	Acuna-Hidalgo	2
chr2	25240321			AH14	DNMT3A	p.Asp768fs	Acuna-Hidalgo	1
chr2	25240322			366D	DNMT3A	p.(Asp768His)	Frick	1
chr2	25240326	CTT	C	rd-id-61	DNMT3A	p.Lys766Asn	Genovese 2015	2
chr2	25240327			AH135	DNMT3A	p.Lys766fs	Acuna-Hidalgo	5
chr2	25240328	T	A	id8982	DNMT3A	p.K766*	Jaiswal 2015	1
chr2	25240330	T	C	AH29	DNMT3A	p.Asp765Gly	Acuna-Hidalgo	1
chr2	25240336	A	C	AH28	DNMT3A	p.Val763Gly	Acuna-Hidalgo	1
chr2	25240339	C	G	id2523	DNMT3A	p.G762fs	Jaiswal 2015	1
chr2	25240342	AT	G	id1600	DNMT3A	p.M761fs	Jaiswal 2015	1
chr2	25240343	T	C	ID-8117	DNMT3A	p.Met761Val	Desai	5
chr2	25240344	G	G	id9680	DNMT3A	p.A760fs	Jaiswal 2015	1
chr2	25240348	AC	A	ID-5647	DNMT3A	p.Val759TrpfsTer20	Desai	1
chr2	25240353			474D	DNMT3A	p.(Asn757Lysfs*22)	Frick	1
chr2	25240356	C	A	rd-id-63	DNMT3A	p.E756D	Genovese 2015	1
chr2	25240358	C	T	EPIC_0410	DNMT3A	p.E756K	Abelson DC	1
chr2	25240359	A	C	id9897	DNMT3A	p.F755L	Jaiswal 2015	1
chr2	25240360	A	C	EPIC_0309	DNMT3A	p.F755C	Abelson DC	8
chr2	25240361	A	T	id16013	DNMT3A	p.F755I	Jaiswal 2015	2
chr2	25240362	G	G	id12579	DNMT3A	p.L754fs	Jaiswal 2015	1
chr2	25240363	A	T	id9280	DNMT3A	p.L754H	Jaiswal 2015	1
chr2	25240365	C	G	rd-id-66	DNMT3A	p.W753C	Genovese 2015	1
chr2	25240366	C	T	EPIC_0270	DNMT3A	p.W753*	Abelson DC	2
chr2	25240367	AGA	G	id2365	DNMT3A	p.F752del	Jaiswal 2015	1
chr2	25240368	G	C	id8525	DNMT3A	p.F752L	Jaiswal 2015	1
chr2	25240369	A	G	ID-1067	DNMT3A	p.Phe752Ser	Desai	2
chr2	25240370	A	G	EPIC_0066	DNMT3A	p.F752L	Abelson DC	4
chr2	25240371	G	C	5301	DNMT3A	p.(Phe751Leu)	Arends	4
chr2	25240372	A	C	rd-id-67	DNMT3A	p.F751C	Genovese 2015	1
chr2	25240373	AG	A	ID-6434	DNMT3A	p.Phe751SerfsTer28	Desai	1
chr2	25240374	GGGGCG	-	EPIC_0427	DNMT3A	p.R749fs*6	Abelson DC	2
chr2	25240377	GC	AA	id8792	DNMT3A	p.R749L	Jaiswal 2015	1
chr2	25240378	C	T	EPIC_0186	DNMT3A	p.R749H	Abelson DC	6
chr2	25240379	G	A	PD29935b	DNMT3A	p.R749C	Abelson VC	11
chr2	25240396	G	T	ID-6841	DNMT3A	p.Pro743His	Desai	1
chr2	25240398	G	CG	id16702	DNMT3A	p.R742fs	Jaiswal 2015	1
chr2	25240414	A	T	PD35732c	DNMT3A	p.L737H	Abelson VC	5
chr2	25240415	G	A	EPIC_0203	DNMT3A	p.L737F	Abelson DC	2
chr2	25240416	GC	AT	ID-2267	DNMT3A	p.Arg736His	Desai	1
chr2	25240417	C	T	EPIC_0040	DNMT3A	p.R736H	Abelson DC	20
chr2	25240418	G	A	EPIC_0234	DNMT3A	p.R736C	Abelson DC	16
chr2	25240419	G	A	id3425	DNMT3A	p.Y735fs	Jaiswal 2015	2
chr2	25240420	T	G	EPIC_0336	DNMT3A	p.Y735S	Abelson DC	30
chr2	25240421	A	G	EPIC_0466	DNMT3A	p.Y735H	Abelson DC	2
chr2	25240422	G	C	id2350	DNMT3A	p.F734L	Jaiswal 2015	3
chr2	25240423	A	C	id11518	DNMT3A	p.F734C	Jaiswal 2015	1
chr2	25240426	T	C	ID-4867	DNMT3A	p.Glu733Gly	Desai	2
chr2	25240427	G	A	165D	DNMT3A	p.(Glu733*)	Frick	5
chr2	25240428	A	C	EPIC_0297	DNMT3A	p.F732L	Abelson DC	9
chr2	25240429	A	C	EPIC_0170	DNMT3A	p.F732C	Abelson DC	9
chr2	25240430	AGAAG	G	id8675	DNMT3A	p.L730fs	Jaiswal 2015	2
chr2	25240431	G	T	ID-161	DNMT3A	p.Phe731Leu	Desai	3
chr2	25240438	C	T	EPIC_0176	DNMT3A	p.R729Q	Abelson DC	3
chr2	25240439	G	A	PD35539b	DNMT3A	p.R729W	Abelson VC	18
chr2	25240443			AH141	DNMT3A	p.Gly728fs	Acuna-Hidalgo	1
chr2	25240445	TGCCCTC	-	EPIC_0001	DNMT3A	p.?	Abelson DC	1
chr2	25240447	CC	-	EPIC_0082	DNMT3A	p.G726fs*53	Abelson DC	3
chr2	25240451	C	G	5699	DNMT3A	E725Splice	Arends	3
chr2	25240639	C	T	EPIC_0497	DNMT3A	p.?	Abelson DC	7
chr2	25240640	C	T	id1343	DNMT3A	c.e19G1	Jaiswal 2015	1
chr2	25240654	C	T	id8630	DNMT3A	p.R720H	Jaiswal 2015	1
chr2	25240660	G	G	id12206	DNMT3A	p.P718fs	Jaiswal 2015	1
chr2	25240663	T	A	EPIC_0309	DNMT3A	p.N717I	Abelson DC	2
chr2	25240667	C	T	EPIC_0469	DNMT3A	p.V716I	Abelson DC	1
chr2	25240672	G	C	EPIC_0001	DNMT3A	p.S714C	Abelson DC	7
chr2	25240684	C	T	3605	DNMT3A	p.C710Y	Jaiswal 2017	1
chr2	25240685	AG	A	ID-627	DNMT3A	p.Cys710AlafsTer69	Desai	4
chr2	25240693	C	G	EPIC_0090	DNMT3A	p.G707A	Abelson DC	1
chr2	25240694	C	G	EPIC_0065	DNMT3A	p.G707R	Abelson DC	2
chr2	25240696	C	T	ID-7929	DNMT3A	p.Gly706Glu	Desai	2
chr2	25240697	C	T	EPIC_0459	DNMT3A	p.G706R	Abelson DC	2
chr2	25240699	A	G	EPIC_0156	DNMT3A	p.I705T	Abelson DC	6
chr2	25240702	A	C	id12386	DNMT3A	p.V704G	Jaiswal 2015	1
chr2	25240705	AG	A	rd-id-96	DNMT3A		Genovese 2015	1
chr2	25240706	GATCG	-	10007	DNMT3A	p.DL702fs	Jaiswal 2017	1
chr2	25240709	C	A	36D	DNMT3A	p.(Asp702Tyr)	Frick	4
chr2	25240710	G	C	EPIC_0203	DNMT3A	p.F701L	Abelson DC	1
chr2	25240714	G	G	id16162	DNMT3A	p.P700fs	Jaiswal 2015	2
chr2	25240715	G	C	PD35685b	DNMT3A	p.P700A	Abelson VC	2
chr2	25240717	C	T	PD35786b	DNMT3A	p.G699D	Abelson VC	3
chr2	25240718	C	T	id3790	DNMT3A	p.G699S	Jaiswal 2015	3
chr2	25240721	A	C	ID-8212	DNMT3A	p.Trp698Gly	Desai	1
chr2	25240724	C	A	rd-id-98	DNMT3A	p.E697X	Genovese 2015	1
chr2	25240726	TG	T	rd-id-99	DNMT3A		Genovese 2015	1
chr2	25240727	G	A	EPIC_0059	DNMT3A	p.Q696*	Abelson DC	2
chr2	25240732	T	C	id2365	DNMT3A	c.e18G1	Jaiswal 2015	2
chr2	25241559	T	TA	ID-9027	DNMT3A	c.e17+1	Desai	2
chr2	25241560	A	G	EPIC_0346	DNMT3A	p.?	Abelson DC	2
chr2	25241561	C	T	id16591	DNMT3A	c.e17+1	Jaiswal 2015	4
chr2	25241564	G	A	EPIC_0039	DNMT3A	p.H694Y	Abelson DC	2
chr2	25241581	CG	C	PD35563b	DNMT3A	p.R688fs*17	Abelson VC	6
chr2	25241582	G	T	EPIC_0275	DNMT3A	p.R688S	Abelson DC	5
chr2	25241587	T	A	EPIC_0289	DNMT3A	p.D686V	Abelson DC	3
chr2	25241588	C	A	id12975	DNMT3A	p.D686Y	Jaiswal 2015	1
chr2	25241590	C	T	id3840	DNMT3A	p.G685E	Jaiswal 2015	3
chr2	25241591	C	T	EPIC_0462	DNMT3A	p.G685R	Abelson DC	4
chr2	25241593	A	T	EPIC_0474	DNMT3A	p.V684D	Abelson DC	1
chr2	25241594	C	A	EPIC_0213	DNMT3A	p.V684F	Abelson DC	2
chr2	25241600	TG	T	PD35639b	DNMT3A	p.M682fs*23	Abelson VC	1
chr2	25241601	GA	G	rd-id-106	DNMT3A	p.I681M	Genovese 2015	2
chr2	25241602	A	T	rd-id-108	DNMT3A	p.I681N	Genovese 2015	1
chr2	25241614	T	C	EPIC_0221	DNMT3A	p.H677R	Abelson DC	1
chr2	25241617	C	T	id16161	DNMT3A	p.R676Q	Jaiswal 2015	2
chr2	25241621	C	G	EPIC_0428	DNMT3A	p.V675L	Abelson DC	2
chr2	25241629	A	C	EPIC_0196	DNMT3A	p.V672G	Abelson DC	1
chr2	25241636	T	TG	ID-9719	DNMT3A	p.Ile670HisfsTer43	Desai	2
chr2	25241638	GAGTCCT	G	rd-id-110	DNMT3A		Genovese 2015	1
chr2	25241645	CA	C	ID-5205	DNMT3A	p.Cys666TrpfsTer39	Desai	1
chr2	25241651	C	A	rd-id-111	DNMT3A	p.V665L	Genovese 2015	1
chr2	25241660	C	T	rd-id-112	DNMT3A	p.A662T	Genovese 2015	1
chr2	25241662	A	T	EPIC_0129	DNMT3A	p.I661N	Abelson DC	2
chr2	25241665	T	C	EPIC_0317	DNMT3A	p.Y660C	Abelson DC	2
chr2	25241666	A	T	7299	DNMT3A	p.(Tyr660Asn)	Arends	1
chr2	25241668	C	T	id16060	DNMT3A	p.R659H	Jaiswal 2015	2
chr2	25241669	G	C	PD35582b	DNMT3A	p.R659G	Abelson VC	1
chr2	25241674	A	G	4890	DNMT3A	p.(Val657Ala)	Arends	1
chr2	25241675	C	T	5869	DNMT3A	p.(Val657Met)	Arends	9
chr2	25241678	G	A	id11568	DNMT3A	p.Q656*	Jaiswal 2015	1
chr2	25241680	A	T	rd-id-116	DNMT3A	p.I655N	Genovese 2015	1
chr2	25241683	C	T	5644	DNMT3A	p.(Gly654Asp)	Arends	1
chr2	25241685	C	A	id2375	DNMT3A	p.L653F	Jaiswal 2015	1
chr2	25241687	A	C	5706	DNMT3A	p.(Leu653Val)	Arends	1
chr2	25241699	C	T	EPIC_0263	DNMT3A	p.V649M	Abelson DC	1
chr2	25241704	A	C	PD30120b	DNMT3A	p.L647R	Abelson VC	1
chr2	25241707	C	T	EPIC_0056	DNMT3A	p.G646E	Abelson DC	1
chr2	25241709	T	C	EPIC_0379	DNMT3A	p.?	Abelson DC	1
chr2	25243901	T	C	EPIC_0290	DNMT3A	p.T645A	Abelson DC	1
chr2	25243915			204D	DNMT3A	p.(Phe640Metfs*10)	Frick	1
chr2	25243918	A	C	EPIC_0215	DNMT3A	p.L639R	Abelson DC	1
chr2	25243919			193D	DNMT3A	p.(Leu639Serfs*3)	Frick	1
chr2	25243921	G	T	EPIC_0329	DNMT3A	p.S638Y	Abelson DC	2
chr2	25243922	A	T	EPIC_0291	DNMT3A	p.S638T	Abelson DC	1
chr2	25243924	A	T	EPIC_0402	DNMT3A	p.L637Q	Abelson DC	1
chr2	25243927	A	C	PD35600c	DNMT3A	p.V636G	Abelson VC	1
chr2	25243928	C	A	EPIC_0024	DNMT3A	p.V636L	Abelson DC	2
chr2	25243930	C	T	EPIC_0075	DNMT3A	p.R635Q	Abelson DC	4
chr2	25243931	G	A	EPIC_0381	DNMT3A	p.R635W	Abelson DC	8
chr2	25243933	A	C	EPIC_0426	DNMT3A	p.I634S	Abelson DC	1
chr2	25243943	T	C	EPIC_0186	DNMT3A	p.R631G	Abelson DC	1
chr2	25243954	G	C	EPIC_0315	DNMT3A	p.P627R	Abelson DC	1
chr2	25243965	G	T	EPIC_0125	DNMT3A	p.Y623*	Abelson DC	1
chr2	25243983	C	T	PD35700b	DNMT3A	p.?	Abelson VC	1
chr2	25244153	A	G	id13422	DNMT3A	c.e15+1	Jaiswal 2015	1
chr2	25244154	C	T	EPIC_0053	DNMT3A	p.?	Abelson DC	8
chr2	25244160	C	A	rd-id-118	DNMT3A	p.E616X	Genovese 2015	1
chr2	25244163	G	A	id14957	DNMT3A	p.Q615*	Jaiswal 2015	1
chr2	25244165	TC	T	rd-id-119	DNMT3A		Genovese 2015	1
chr2	25244169	G	C	rd-id-120	DNMT3A	p.H613D	Genovese 2015	1
chr2	25244170	G	GT	PD35677c	DNMT3A	p.N612fs*7	Abelson VC	1
chr2	25244190	G	A	EPIC_0186	DNMT3A	p.Q606*	Abelson DC	2
chr2	25244192	A	G	6159	DNMT3A	p.(Leu605Pro)	Arends	2
chr2	25244193	G	TC	ID-19	DNMT3A	p.Leu605AspfsTer7	Desai	1
chr2	25244195	C	T	rd-id-122	DNMT3A	p.R604Q	Genovese 2015	1
chr2	25244196	G	G	id17044	DNMT3A	p.R604fs	Jaiswal 2015	1
chr2	25244203	C	T	ID-8080	DNMT3A	p.Trp601Ter	Desai	1
chr2	25244204	C	A	EPIC_0389	DNMT3A	p.W601L	Abelson DC	4
chr2	25244209	C	A	rd-id-123	DNMT3A	p.E599D	Genovese 2015	4
chr2	25244214	G	A	5966	DNMT3A	p.(Arg598*)	Arends	12
chr2	25244217	G	A	rd-id-128	DNMT3A	p.R597W	Genovese 2015	1
chr2	25244220			442D	DNMT3A	p.(Arg596Trp)	Frick	1
chr2	25244230	G	C	EPIC_0411	DNMT3A	p.Y592*	Abelson DC	4
chr2	25244242	G	G	id15339	DNMT3A	p.H588fs	Jaiswal 2015	1
chr2	25244263	C	T	EPIC_0512	DNMT3A	p.W581*	Abelson DC	2
chr2	25244264	CAGGGGT	C	rd-id-129	DNMT3A		Genovese 2015	1
chr2	25244265	A	T	PD35616c	DNMT3A	p.W581R	Abelson VC	2
chr2	25244266	G	-	BGM1670766	DNMT3A	p.P580fs	Jaiswal 2017	1
chr2	25244267	G	C	rd-id-130	DNMT3A	p.P580R	Genovese 2015	1
chr2	25244270	T	C	PD30031b	DNMT3A	p.D579G	Abelson VC	1
chr2	25244276	TTAATGGCTGCCTGGGCAG	-	EPIC_0460	DNMT3A	p.A571_K577delinsE	Abelson DC	1
chr2	25244289	G	A	PD35537b	DNMT3A	p.Q573*	Abelson VC	1
chr2	25244300	G	A	rd-id-131	DNMT3A	p.P569L	Genovese 2015	1
chr2	25244321	C	T	EPIC_0303	DNMT3A	p.C562Y	Abelson DC	2
chr2	25244329	G	T	EPIC_0090	DNMT3A	p.C559*	Abelson DC	1
chr2	25244335	G	T	EPIC_0111	DNMT3A	p.C557*	Abelson DC	1
chr2	25244337	A	C	ID-4757	DNMT3A	p.Cys557Gly	Desai	1
chr2	25244538	A	G	PD35538b	DNMT3A	p.?	Abelson VC	3
chr2	25244539	C	T	EPIC_0007	DNMT3A	p.?	Abelson DC	7
chr2	25244541	T	C	rd-id-132	DNMT3A	p.R556G	Genovese 2015	1
chr2	25244542	G	T	EPIC_0175	DNMT3A	p.C555*	Abelson DC	1
chr2	25244551			189D	DNMT3A	p.(Asn552Lysfs*99)	Frick	1
chr2	25244559	C	T	EPIC_0413	DNMT3A	p.G550R	Abelson DC	5
chr2	25244563	C	T	EPIC_0224	DNMT3A	p.M548I	Abelson DC	1
chr2	25244567	A	T	EPIC_0339	DNMT3A	p.L547H	Abelson DC	4
chr2	25244568	G	A	id9916	DNMT3A	p.L547F	Jaiswal 2015	2
chr2	25244573	T	C	EPIC_0074	DNMT3A	p.E545G	Abelson DC	1
chr2	25244578	G	GC	PD35576c	DNMT3A	p.R544fs*2	Abelson VC	2
chr2	25244579	C	A	EPIC_0022	DNMT3A	p.G543V	Abelson DC	2
chr2	25244580	C	A	PD35733b	DNMT3A	p.G543C	Abelson VC	5
chr2	25244596	G	T	id1774	DNMT3A	p.C537*	Jaiswal 2015	1
chr2	25244597	C	G	PD35588b	DNMT3A	p.C537S	Abelson VC	1
chr2	25244598	A	T	EPIC_0504	DNMT3A	p.C537S	Abelson DC	3
chr2	25244599	G	C	ID-8097	DNMT3A	p.Tyr536Ter	Desai	2
chr2	25244602	G	G	id3357	DNMT3A	p.S535fs	Jaiswal 2015	1
chr2	25244603	G	A	BGM1506166	DNMT3A	p.S535F	Jaiswal 2017	1
chr2	25244607	G	A	id1471	DNMT3A	p.Q534*	Jaiswal 2015	1
chr2	25244608	G	C	EPIC_0254	DNMT3A	p.Y533*	Abelson DC	2
chr2	25244609	T	C	PD35652c	DNMT3A	p.Y533C	Abelson VC	3
chr2	25244610	A	T	PD29951b	DNMT3A	p.Y533N	Abelson VC	1
chr2	25244612	C	G	id13672	DNMT3A	p.G532fs	Jaiswal 2015	2
chr2	25244613	C	T	EPIC_0308	DNMT3A	p.G532S	Abelson DC	1
chr2	25244616	C	T	EPIC_0436	DNMT3A	p.D531N	Abelson DC	2
chr2	25244621	T	A	rd-id-136	DNMT3A	p.D529V	Genovese 2015	1
chr2	25244623	G	C	id16331	DNMT3A	p.Y528*	Jaiswal 2015	1
chr2	25244624	TA	G	id7028	DNMT3A	p.Y528fs	Jaiswal 2015	1
chr2	25244627	T	G	EPIC_0348	DNMT3A	p.Q527P	Abelson DC	3
chr2	25244628	G	A	PD35636b	DNMT3A	p.Q527*	Abelson VC	2
chr2	25244634	CA	G	id2056	DNMT3A	p.C524fs	Jaiswal 2015	1
chr2	25244635	A	T	EPIC_0127	DNMT3A	p.C524*	Abelson DC	1
chr2	25244647	G	T	rd-id-137	DNMT3A	p.C520X	Genovese 2015	1
chr2	25244653	C	G	id3359	DNMT3A	c.e14G1	Jaiswal 2015	1
chr2	25244654	T	C	EPIC_0203	DNMT3A	p.?	Abelson DC	2
chr2	25245251	A	G	EPIC_0508	DNMT3A	p.?	Abelson DC	4
chr2	25245252	C	T	ID-94	DNMT3A	c.e13+1	Desai	5
chr2	25245253	C	A	EPIC_0389	DNMT3A	p.K518N	Abelson DC	1
chr2	25245259	G	T	id12758	DNMT3A	p.N516fs	Jaiswal 2015	1
chr2	25245269	A	AT	rd-id-141	DNMT3A		Genovese 2015	1
chr2	25245276	C	A	id5891	DNMT3A	p.G511*	Jaiswal 2015	1
chr2	25245284	G	G	id14752	DNMT3A	p.L508fs	Jaiswal 2015	1
chr2	25245294	C	A	EPIC_0307	DNMT3A	p.E505*	Abelson DC	1
chr2	25245296	A	G	id2118	DNMT3A	p.L504fs	Jaiswal 2015	1
chr2	25245299	G	GT	PD35659c	DNMT3A	p.T503fs*43	Abelson VC	2
chr2	25245300	TAA	T	ID-7533	DNMT3A	p.Val502AspfsTer43	Desai	1
chr2	25245305	T	C	rd-id-142	DNMT3A	p.N501S	Genovese 2015	2
chr2	25245312	T	G	id5858	DNMT3A	p.S499fs	Jaiswal 2015	1
chr2	25245313	C	G	id3360	DNMT3A	p.G498fs	Jaiswal 2015	1
chr2	25245317	C	T	id9043	DNMT3A	p.C497Y	Jaiswal 2015	2
chr2	25245323	A	T	EPIC_0225	DNMT3A	p.I495N	Abelson DC	1
chr2	25245333	C	G	id3227	DNMT3A	c.e13G1	Jaiswal 2015	1
chr2	25245334	T	G	id4969	DNMT3A	c.e13G1	Jaiswal 2015	1
chr2	25246018	A	C	id2258	DNMT3A	c.e13G1	Jaiswal 2015	1
chr2	25246019	C	T	EPIC_0196	DNMT3A	p.?	Abelson DC	3
chr2	25246030	C	G	id7288	DNMT3A	p.R488fs	Jaiswal 2015	2
chr2	25246038	T	A	id15373	DNMT3A	p.K486*	Jaiswal 2015	1
chr2	25246041	GC	G	ID-7970	DNMT3A	p.Gln485ArgfsTer166	Desai	1
chr2	25246043	C	T	rd-id-146	DNMT3A	p.R484Q	Genovese 2015	1
chr2	25246050	C	A	EPIC_0279	DNMT3A	p.E482*	Abelson DC	2
chr2	25246051	G	T	344D	DNMT3A	p.(Tyr481*)	Frick	2
chr2	25246053	A	C	rd-id-147	DNMT3A	p.Y481D	Genovese 2015	1
chr2	25246065	C	T	id15827	DNMT3A	c.e12G1	Jaiswal 2015	1
chr2	25246066	T	A	PD35520b	DNMT3A	p.?	Abelson VC	3
chr2	25246159	C	T	EPIC_0195	DNMT3A	p.?	Abelson DC	4
chr2	25246163	T	A	EPIC_0218	DNMT3A	p.R476*	Abelson DC	1
chr2	25246169	G	C	EPIC_0003	DNMT3A	p.R474G	Abelson DC	1
chr2	25246172	C	A	id6770	DNMT3A	p.E473*	Jaiswal 2015	1
chr2	25246179	A	G	id16080	DNMT3A	p.I470fs	Jaiswal 2015	1
chr2	25246184	C	A	rd-id-148	DNMT3A	p.E469X	Genovese 2015	1
chr2	25246186	T	C	BGM1073406	DNMT3A	p.K468R	Jaiswal 2017	1
chr2	25246191	CT	C	rd-id-149	DNMT3A		Genovese 2015	1
chr2	25246194	G	G	id9719	DNMT3A	p.P465fs	Jaiswal 2015	1
chr2	25246211	T	C	rd-id-150	DNMT3A	p.S460G	Genovese 2015	1
chr2	25246214	TC	T	PD29948b	DNMT3A	p.K459fs*192	Abelson VC	2
chr2	25246216	C	G	EPIC_0504	DNMT3A	p.R458P	Abelson DC	1
chr2	25246227	GG	G	id3344	DNMT3A	p.A454fs	Jaiswal 2015	1
chr2	25246231	G	A	rd-id-151	DNMT3A	p.P453L	Genovese 2015	2
chr2	25246270	C	T	PD29993b	DNMT3A	p.W440*	Abelson VC	2
chr2	25246273	A	G	rd-id-154	DNMT3A	p.M439T	Genovese 2015	2
chr2	25246281	G	T	EPIC_0337	DNMT3A	p.Y436*	Abelson DC	1
chr2	25246285	ACTT	G	id6788	DNMT3A	p.E434fs	Jaiswal 2015	1
chr2	25246287	T	G	id8483	DNMT3A	p.E434fs	Jaiswal 2015	1
chr2	25246292	T	A	EPIC_0246	DNMT3A	p.K433*	Abelson DC	1
chr2	25246296	GGGATTCTTCTCT	G	id16176	DNMT3A	p.E427fs	Jaiswal 2015	1
chr2	25246305	CT	C	rd-id-156	DNMT3A		Genovese 2015	1
chr2	25246619	C	T	id4443	DNMT3A	c.e10+1	Jaiswal 2015	1
chr2	25246632	C	G	rd-id-157	DNMT3A	p.E423Q	Genovese 2015	1
chr2	25246644	GGCCAGAAGGCTGGAA	-	EPIC_0230	DNMT3A	p.F414_G418delFQPSG	Abelson DC	1
chr2	25246651	AG	A	ID-5805	DNMT3A	p.Pro416LeufsTer235	Desai	1
chr2	25246658	A	C	id9420	DNMT3A	p.F414C	Jaiswal 2015	2
chr2	25246659	A	C	PD35686b	DNMT3A	p.F414V	Abelson VC	1
chr2	25246660	-	C	BGM1211226	DNMT3A	p.G413fs	Jaiswal 2017	1
chr2	25246670	G	A	EPIC_0043	DNMT3A	p.A410V	Abelson DC	1
chr2	25246672	C	T	52D	DNMT3A	p.(Trp409*)	Frick	4
chr2	25246673	C	T	EPIC_0005	DNMT3A	p.W409*	Abelson DC	3
chr2	25246679	A	C	EPIC_0285	DNMT3A	p.I407S	Abelson DC	2
chr2	25246684	GG	G	id15015	DNMT3A	p.P405fs	Jaiswal 2015	1
chr2	25246695	G	A	id8920	DNMT3A	p.Q402*	Jaiswal 2015	2
chr2	25246697	G	T	id2808	DNMT3A	p.V401fs	Jaiswal 2015	1
chr2	25246738	G	CA	id8934	DNMT3A	p.C387fs	Jaiswal 2015	1
chr2	25246744	G	G	id16036	DNMT3A	p.P385fs	Jaiswal 2015	1
chr2	25246745	G	G	id8994	DNMT3A	p.P385fs	Jaiswal 2015	5
chr2	25246756	C	G	id15874	DNMT3A	p.G381fs	Jaiswal 2015	2
chr2	25246763	C	T	EPIC_0020	DNMT3A	p.R379H	Abelson DC	2
chr2	25246764	G	A	rd-id-161	DNMT3A	p.R379C	Genovese 2015	1
chr2	25246772	G	T	EPIC_0362	DNMT3A	p.A376D	Abelson DC	1
chr2	25246777	C	T	PD35601b	DNMT3A	p.?	Abelson VC	2
chr2	25246778	T	C	EPIC_0074	DNMT3A	p.?	Abelson DC	4
chr2	25247050	C	T	id6691	DNMT3A	c.e9+1	Jaiswal 2015	2
chr2	25247053	G	A	id17176	DNMT3A	p.Q374*	Jaiswal 2015	2
chr2	25247058	A	G	rd-id-163	DNMT3A	p.V372A	Genovese 2015	1
chr2	25247059	C	T	rd-id-164	DNMT3A	p.V372I	Genovese 2015	1
chr2	25247063	G	T	5660	DNMT3A	p.(Tyr370*)	Arends	1
chr2	25247068	T	A	5483	DNMT3A	p.(Ile369Phe)	Arends	1
chr2	25247070	G	A	5667	DNMT3A	p.(Ala368Val)	Arends	2
chr2	25247071	C	T	ID-3318	DNMT3A	p.Ala368Thr	Desai	1
chr2	25247076	C	T	id10859	DNMT3A	p.R366H	Jaiswal 2015	2
chr2	25247077	G	T	EPIC_0512	DNMT3A	p.R366S	Abelson DC	2
chr2	25247082	A	G	rd-id-165	DNMT3A	p.M364T	Genovese 2015	1
chr2	25247096	G	T	EPIC_0081	DNMT3A	p.Y359*	Abelson DC	1
chr2	25247107	G	A	id9595	DNMT3A	p.Q356*	Jaiswal 2015	3
chr2	25247115	G	G	id15877	DNMT3A	p.A353fs	Jaiswal 2015	1
chr2	25247118	C	T	rd-id-166	DNMT3A	p.S352N	Genovese 2015	1
chr2	25247119	TGC	TT	rd-id-167	DNMT3A		Genovese 2015	1
chr2	25247133	A	G	5898	DNMT3A	p.(Leu347Pro)	Arends	2
chr2	25247136	G	A	EPIC_0197	DNMT3A	p.P346L	Abelson DC	1
chr2	25247142	A	T	EPIC_0056	DNMT3A	p.L344Q	Abelson DC	2
chr2	25247146	T	A	EPIC_0261	DNMT3A	p.K343*	Abelson DC	2
chr2	25247150	A	AAC	rd-id-169	DNMT3A		Genovese 2015	1
chr2	25247153	ACACACCTG	A	ID-4659	DNMT3A		Desai	1
chr2	25247157	A	C	BGM1753706	DNMT3A	p.V339G	Jaiswal 2017	1
chr2	25247159	C	T	5798	DNMT3A	V339Splice	Arends	3
chr2	25247160	G	G	id12897	DNMT3A	c.e9G1	Jaiswal 2015	3
chr2	25247595	G	A	ID-2890	DNMT3A	p.Ser337Leu	Desai	1
chr2	25247597	GA	G	ID-4305	DNMT3A	p.Phe336SerfsTer9	Desai	1
chr2	25247598	A	G	id12009	DNMT3A	p.F336fs	Jaiswal 2015	1
chr2	25247610	C	T	rd-id-171	DNMT3A	p.G332E	Genovese 2015	2
chr2	25247611	C	A	id6025	DNMT3A	p.G332*	Jaiswal 2015	2
chr2	25247614			167D	DNMT3A	p.(Phe331Val)	Frick	1
chr2	25247615	C	T	ID-6841	DNMT3A	p.Trp330Ter	Desai	6
chr2	25247616	C	T	id12786	DNMT3A	p.W330*	Jaiswal 2015	1
chr2	25247620	T	-	BGM1285426	DNMT3A	p.M329fs	Jaiswal 2017	1
chr2	25247623	C	A	ID-4443	DNMT3A	p.Val328Phe	Desai	2
chr2	25247624	C	T	id5022	DNMT3A	p.W327*	Jaiswal 2015	2
chr2	25247625	C	T	id15000	DNMT3A	p.W327*	Jaiswal 2015	1
chr2	25247628	C	T	PD29946b	DNMT3A	p.R326H	Abelson VC	13
chr2	25247629	G	A	EPIC_0181	DNMT3A	p.R326C	Abelson DC	22
chr2	25247647	G	A	EPIC_0176	DNMT3A	p.R320*	Abelson DC	15
chr2	25247663	C	T	id14163	DNMT3A	p.W314*	Jaiswal 2015	2
chr2	25247664	C	T	EPIC_0090	DNMT3A	p.W314*	Abelson DC	1
chr2	25247666	C	T	PD35539c	DNMT3A	p.W313*	Abelson VC	4
chr2	25247676	A	G	EPIC_0367	DNMT3A	p.I310T	Abelson DC	2
chr2	25247677			81D	DNMT3A	p.(Ile310Phe)	Frick	1
chr2	25247680	G	C	EPIC_0076	DNMT3A	p.R309G	Abelson DC	1
chr2	25247682	C	T	PD30154b	DNMT3A	p.G308D	Abelson VC	2
chr2	25247683	C	G	ID-2279	DNMT3A	p.Gly308Arg	Desai	1
chr2	25247685	G	A	5022	DNMT3A	p.(Pro307Leu)	Arends	4
chr2	25247686	G	A	id5900	DNMT3A	p.P307S	Jaiswal 2015	1
chr2	25247687	C	A	22D	DNMT3A	p.(Trp306Cysfs*10)	Frick	5
chr2	25247690	C	T	id5942	DNMT3A	p.W305*	Jaiswal 2015	2
chr2	25247691	C	T	id3438	DNMT3A	p.W305*	Jaiswal 2015	1
chr2	25247692	A	C	ID-6209	DNMT3A	p.Trp305Gly	Desai	1
chr2	25247696	GA	G	ID-5647	DNMT3A	p.Phe303SerfsTer13	Desai	1
chr2	25247700	C	T	PD35580c	DNMT3A	p.G302D	Abelson VC	2
chr2	25247704	G	A	ID-943	DNMT3A	p.Arg301Trp	Desai	1
chr2	25247710	T	A	PD35683b	DNMT3A	p.K299*	Abelson VC	1
chr2	25247712	C	T	EPIC_0003	DNMT3A	p.G298E	Abelson DC	2
chr2	25247714	C	G	EPIC_0208	DNMT3A	p.W297C	Abelson DC	6
chr2	25247715	C	T	EPIC_0469	DNMT3A	p.W297*	Abelson DC	1
chr2	25247719	C	T	210D	DNMT3A	p.(Val296Met)	Frick	5
chr2	25247722	G	C	rd-id-186	DNMT3A	p.L295V	Genovese 2015	1
chr2	25247725	C	G	id8730	DNMT3A	p.E294fs	Jaiswal 2015	2
chr2	25247730	A	G	rd-id-187	DNMT3A	p.I292T	Genovese 2015	2
chr2	25248035	A	C	id4692	DNMT3A	c.e7+1	Jaiswal 2015	1
chr2	25248036	C	T	460D	DNMT3A	p.(Glu285Splice)	Frick	5
chr2	25248078	T	A	EPIC_0075	DNMT3A	p.K272*	Abelson DC	1
chr2	25248086	G	C	id1868	DNMT3A	p.A269fs	Jaiswal 2015	1
chr2	25248089			85D	DNMT3A	p.(Glu263Valfs*48)	Frick	1
chr2	25248113	GT	G	id3379	DNMT3A	p.T260fs	Jaiswal 2015	1
chr2	25248132	CG	C	ID-7799	DNMT3A	p.Ala254HisfsTer62	Desai	1
chr2	25248142	G	G	id15727	DNMT3A	p.P250fs	Jaiswal 2015	1
chr2	25248147	G	A	id12637	DNMT3A	p.Q249*	Jaiswal 2015	2
chr2	25248155	G	GC	rd-id-189	DNMT3A		Genovese 2015	1
chr2	25248161	G	G	id5902	DNMT3A	p.P244fs	Jaiswal 2015	2
chr2	25248164	CTGGCCTCCT	-	EPIC_0474	DNMT3A	p.E240_S243delinsG	Abelson DC	1
chr2	25248170	T	G	id3226	DNMT3A	p.E241fs	Jaiswal 2015	1
chr2	25248171	C	A	id6851	DNMT3A	p.E241*	Jaiswal 2015	1
chr2	25248179	G	TC	id9185	DNMT3A	p.K238fs	Jaiswal 2015	1
chr2	25248183	G	A	id2345	DNMT3A	p.S236fs	Jaiswal 2015	1
chr2	25248195	GC	G	rd-id-190	DNMT3A		Genovese 2015	1
chr2	25248200	T	G	id17166	DNMT3A	p.Q231fs	Jaiswal 2015	1
chr2	25248213	C	G	id11008	DNMT3A	p.V227fs	Jaiswal 2015	1
chr2	25282561	G	GC	ID-1176	DNMT3A	p.Gln110AlafsTer14	Desai	1
chr2	25300140	G	A	id8961	DNMT3A	c.e3+1	Jaiswal 2015	1
chr2	25744283	G	A	ID-1711	ASXL2	p.Ser685Leu	Desai	1
chr2	25750334	G	A	BGM1075206	ASXL2	p.Q408*	Jaiswal 2017	1
chr2	197401744	T	C	ID-310	SF3B1	p.Lys790Glu	Desai	1
chr2	197401765	C	T	121D	SF3B1	p.(Glu783Lys)	Frick	2
chr2	197401851	A	G	5023	SF3B1	p.(Ile754Thr)	Arends	1
chr2	197401881	G	A	ID-7149	SF3B1	p.Ala744Val	Desai	1
chr2	197401887	C	T	ID-312	SF3B1	p.Gly742Asp	Desai	2
chr2	197401989	C	T	5466	SF3B1	p.(Gly740Glu)	Arends	1
chr2	197402110	T	C	EPIC_0064	SF3B1	p.K700E	Abelson DC	34
chr2	197402618	G	A	EPIC_0142	SF3B1	p.A672V	Abelson DC	1
chr2	197402635	C	G	151D	SF3B1	p.(Lys666Asn)	Frick	17
chr2	197402636	T	C	6537	SF3B1	p.(Lys666Arg)	Arends	6
chr2	197402637	T	C	id8760	SF3B1	p.K666E	Jaiswal 2015	2
chr2	197402645	G	A	PD35558c	SF3B1	p.T663I	Abelson VC	1
chr2	197402646	T	G	EPIC_0415	SF3B1	p.T663P	Abelson DC	1
chr2	197402647	G	C	EPIC_0392	SF3B1	p.H662Q	Abelson DC	3
chr2	197402649	G	C	ID-9658	SF3B1	p.His662Asp	Desai	2
chr2	197402759	C	A	ID-161	SF3B1	p.Arg625Leu	Desai	1
chr2	197402760	G	A	EPIC_0165	SF3B1	p.R625C	Abelson DC	3
chr2	197402767	C	G	97D	SF3B1	p.(Glu622Asp)	Frick	2
chr2	197408078	G	A	id2250	SF3B1	p.R387W	Jaiswal 2015	1
chr2	208248388	C	A	EPIC_0498	IDH1	p.R132L	Abelson DC	4
chr2	208248389	G	A	EPIC_0141	IDH1	p.R132C	Abelson DC	3
chr20	32429943	CCAG	C	ID-943	ASXL1	p.Gln207del	Desai	1
chr20	32429944	CAG	-	EPIC_0462	ASXL1	p.S204fs*49	Abelson DC	1
chr20	32431620	CA	C	rd-id-292	ASXL1		Genovese 2015	1
chr20	32433355	T	A	rd-id-293	ASXL1	p.L386X	Genovese 2015	1
chr20	32433372	TC	T	PD35647c	ASXL1	p.S392fs*1	Abelson VC	1
chr20	32433373	C	G	PD35558b	ASXL1	p.S392*	Abelson VC	1
chr20	32433384	C	T	EPIC_0176	ASXL1	p.Q396*	Abelson DC	1
chr20	32433408	C	T	ID-7233	ASXL1	p.Arg404Ter	Desai	8
chr20	32433447	C	T	id6912	ASXL1	p.R417*	Jaiswal 2015	5
chr20	32433473	C	G	id17167	ASXL1	p.Y425fs	Jaiswal 2015	1
chr20	32433480	C	T	id15889	ASXL1	p.Q428*	Jaiswal 2015	1
chr20	32433492	C	T	PD35525b	ASXL1	p.Q432*	Abelson VC	3
chr20	32433516	A	C	EPIC_0392	ASXL1	p.K440Q	Abelson DC	1
chr20	32433529	C	G	id9683	ASXL1	p.S444*	Jaiswal 2015	2
chr20	32433627	G	T	12361	ASXL1	p.E477*	Jaiswal 2017	1
chr20	32433664	G	A	ID-8385	ASXL1	p.Arg489Gln	Desai	1
chr20	32433669	C	T	EPIC_0241	ASXL1	p.Q491*	Abelson DC	1
chr20	32433732	C	T	id3907	ASXL1	p.Q512*	Jaiswal 2015	1
chr20	32433735	G	T	id12605	ASXL1	p.E513*	Jaiswal 2015	1
chr20	32433739	CTG	C	rd-id-295	ASXL1		Genovese 2015	1
chr20	32433740	TG	G	id9964	ASXL1	p.T514fs	Jaiswal 2015	2
chr20	32433747	C	T	id15925	ASXL1	p.Q517*	Jaiswal 2015	1
chr20	32433750	G	T	id15929	ASXL1	p.E518*	Jaiswal 2015	2
chr20	32433762	C	T	rd-id-296	ASXL1	p.Q522X	Genovese 2015	1
chr20	32433783	C	T	id15189	ASXL1	p.Q529*	Jaiswal 2015	1
chr20	32433819	C	CGGCT	rd-id-297	ASXL1		Genovese 2015	1
chr20	32433824	G	GAAGATC	id16126	ASXL1	p.L542fs	Jaiswal 2015	1
chr20	32433834	C	T	id15951	ASXL1	p.Q546*	Jaiswal 2015	2
chr20	32433844	G	TAACACT	id2117	ASXL1	p.R549fs	Jaiswal 2015	1
chr20	32434435	C	T	id2349	ASXL1	p.Q575*	Jaiswal 2015	1
chr20	32434460	G	A	id11045	ASXL1	p.W583*	Jaiswal 2015	1
chr20	32434474	C	T	ID-3836	ASXL1	p.Gln588Ter	Desai	2
chr20	32434481			36D	ASXL1	p.(Tyr586Leufs*28)	Frick	1
chr20	32434483	T	TA	6200	ASXL1	p.(Tyr586*)	Arends	4
chr20	32434485	C	A	EPIC_0470	ASXL1	p.Y591*	Abelson DC	2
chr20	32434486	C	T	ID-636	ASXL1	p.Gln592Ter	Desai	1
chr20	32434490	-	A	5449	ASXL1	p.C594fs	Jaiswal 2017	1
chr20	32434494	C	A	id884	ASXL1	p.C594*	Jaiswal 2015	1
chr20	32434560	C	CTA	5711	ASXL1	p.(Ile612*)	Arends	2
chr20	32434579	C	T	EPIC_0436	ASXL1	p.Q623*	Abelson DC	1
chr20	32434599	TCACCACTGCCATAGAGAGGCGGC	T	rd-id-299	ASXL1		Genovese 2015	7
chr20	32434600	CACCACTGCCATAGAGAGGCGGC	-	EPIC_0062	ASXL1	p.H630fs*66	Abelson DC	5
chr20	32434611	TAG	T	rd-id-306	ASXL1		Genovese 2015	1
chr20	32434613	GAGAGGCGGCCACCACTGCCATC	G	id4773	ASXL1	p.R634fs	Jaiswal 2015	1
chr20	32434615	G	T	EPIC_0249	ASXL1	p.E635*	Abelson DC	1
chr20	32434636	GGAGG	-	BGM1488766	ASXL1	p.GG644fs	Jaiswal 2017	1
chr20	32434638	G	G	35D	ASXL1	p.(Gly641Trpfs*12)	Frick	9
chr20	32434682	A	AG	rd-id-307	ASXL1		Genovese 2015	1
chr20	32434699	-	G	BGM1625266	ASXL1	p.S663fs	Jaiswal 2017	1
chr20	32434733	ACCCTGAG	-	EPIC_0147	ASXL1	p.E676fs*25	Abelson DC	1
chr20	32434769	AGT	A	rd-id-308	ASXL1		Genovese 2015	1
chr20	32434786	C	T	id12078	ASXL1	p.Q692*	Jaiswal 2015	1
chr20	32434789	C	T	EPIC_0039	ASXL1	p.R693*	Abelson DC	12
chr20	32434796	A	G	id2275	ASXL1	p.Q695fs	Jaiswal 2015	1
chr20	32434821	TG	T	rd-id-311	ASXL1		Genovese 2015	2
chr20	32434834	C	T	6172	ASXL1	p.(Gln703*)	Arends	1
chr20	32434840	G	G	id14955	ASXL1	p.G710fs	Jaiswal 2015	1
chr20	32434885	A	T	rd-id-313	ASXL1	p.R725X	Genovese 2015	1
chr20	32434905	AC	A	rd-id-314	ASXL1		Genovese 2015	1
chr20	32434927	CT	C	ID-8285	ASXL1	p.Leu739ProfsTer5	Desai	1
chr20	32434954	C	T	id15381	ASXL1	p.Q748*	Jaiswal 2015	2
chr20	32434981	C	T	id9809	ASXL1	p.Q757*	Jaiswal 2015	1
chr20	32434990	C	T	id12782	ASXL1	p.Q760*	Jaiswal 2015	1
chr20	32435014	C	T	id2116	ASXL1	p.Q768*	Jaiswal 2015	2
chr20	32435034	AT	A	PD29896b	ASXL1	p.L775fs*1	Abelson VC	1
chr20	32435035	T	A	EPIC_0067	ASXL1	p.L775I	Abelson DC	1
chr20	32435036	T	A	EPIC_0067	ASXL1	p.L775*	Abelson DC	2
chr20	32435050	C	T	EPIC_0106	ASXL1	p.Q780*	Abelson DC	2
chr20	32435095	TC	T	rd-id-315	ASXL1		Genovese 2015	1
chr20	32435099	G	A	EPIC_0473	ASXL1	p.W796*	Abelson DC	1
chr20	32435100	G	A	PD35568c	ASXL1	p.W796*	Abelson VC	1
chr20	32435119	C	T	id10826	ASXL1	p.Q803*	Jaiswal 2015	3
chr20	32435134	C	T	ID-9953	ASXL1	p.Pro808Ser	Desai	1
chr20	32435148	TC	T	PD35763c	ASXL1	p.I814fs*4	Abelson VC	1
chr20	32435178	AT	A	rd-id-317	ASXL1		Genovese 2015	1
chr20	32435179	T	G	id2961	ASXL1	p.L823fs	Jaiswal 2015	1
chr20	32435180	T	G	id1808	ASXL1	p.L823*	Jaiswal 2015	1
chr20	32435188	G	T	rd-id-318	ASXL1	p.G826X	Genovese 2015	1
chr20	32435242	A	AC	rd-id-319	ASXL1		Genovese 2015	1
chr20	32435280	C	A	rd-id-320	ASXL1	p.C856X	Genovese 2015	1
chr20	32435347	GATAC	T	ID-2991	ASXL1	p.Asp879LeufsTer6	Desai	1
chr20	32435380	-	T	5949	ASXL1	p.L890fs	Jaiswal 2017	1
chr20	32435406	G	A	rd-id-321	ASXL1	p.W898X	Genovese 2015	1
chr20	32435468	G	A	id9984	ASXL1	p.I919fs	Jaiswal 2015	1
chr20	32435536	G	-	8033	ASXL1	p.G942fs	Jaiswal 2017	1
chr20	32435551	G	T	id1754	ASXL1	p.E947*	Jaiswal 2015	1
chr20	32435578	CTTA	G	id14964	ASXL1	p.L956fs	Jaiswal 2015	1
chr20	32435592	G	A	EPIC_0081	ASXL1	p.W960*	Abelson DC	1
chr20	32435602	TC	T	ID-3569	ASXL1	p.Ser964PhefsTer20	Desai	1
chr20	32435605	C	T	rd-id-322	ASXL1	p.R965X	Genovese 2015	1
chr20	32435670	C	CGT	rd-id-323	ASXL1		Genovese 2015	1
chr20	32435701	G	T	EPIC_0095	ASXL1	p.E997*	Abelson DC	1
chr20	32435725	T	G	id4445	ASXL1	p.F1005fs	Jaiswal 2015	1
chr20	32435751	C	G	id13638	ASXL1	p.S1013fs	Jaiswal 2015	1
chr20	32435822	G	A	id16502	ASXL1	p.W1037*	Jaiswal 2015	1
chr20	32435842	T	TC	ID-1436	ASXL1	p.Lys1045GlnfsTer5	Desai	1
chr20	32435899	C	T	id3226	ASXL1	p.Q1063*	Jaiswal 2015	2
chr20	32435914	C	T	EPIC_0269	ASXL1	p.R1068*	Abelson DC	3
chr20	32436160	G	T	PD35788b	ASXL1	p.G1150*	Abelson VC	1
chr20	32436313	C	T	EPIC_0034	ASXL1	p.Q1201*	Abelson DC	1
chr20	32436439	C	T	EPIC_0220	ASXL1	p.Q1243*	Abelson DC	1
chr20	32436470	G	GC	rd-id-325	ASXL1		Genovese 2015	1
chr20	32436505			43D	ASXL1	p.(Asp1260Tyr)	Frick	1
chr20	32436678	GA	-	5297	ASXL1	p.M1323fs	Jaiswal 2017	1
chr20	32436689	C	T	PD35671b	ASXL1	p.P1326L	Abelson VC	1
chr20	32436955	C	T	ID-9507	ASXL1	p.Arg1415Ter	Desai	1
chr20	32437254	CAT	C	rd-id-326	ASXL1		Genovese 2015	1
chr20	50892557	G	A	AH1	ADNP	p.Tyr719Tyr	Acuna-Hidalgo	1
chr20	58909362	T	C	AH147	GNAS	p.Cys843Arg	Acuna-Hidalgo	1
chr20	58909365	C	G	id12468	GNAS	p.R844G	Jaiswal 2015	8
chr20	58909366	G	A	id6830	GNAS	p.R844H	Jaiswal 2015	10
chr20	58909372	T	C	AH148	GNAS	p.Leu846Pro	Acuna-Hidalgo	1
chr21	34792304	G	A	EPIC_0062	RUNX1	p.P425L	Abelson DC	3
chr21	34792474	-	ATGCCG	EPIC_0274	RUNX1	p.M368fs*228	Abelson DC	1
chr21	34792532	TAGTGC	T	ID-312	RUNX1	p.Met347IlefsTer251	Desai	1
chr21	34799310	G	A	EPIC_0477	RUNX1	p.R320*	Abelson DC	1
chr21	34834419	G	A	EPIC_0132	RUNX1	p.Q266*	Abelson DC	1
chr21	34880555	-	CCT	EPIC_0062	RUNX1	p.?	Abelson DC	1
chr21	34880585	G	T	EPIC_0470	RUNX1	p.D160E	Abelson DC	1
chr21	34880643	G	A	EPIC_0479	RUNX1	p.S141L	Abelson DC	1
chr21	34886874	C	T	EPIC_0470	RUNX1	p.R107H	Abelson DC	1
chr21	34886881	G	A	PD29918d	RUNX1	p.H105Y	Abelson VC	1
chr21	34887023	CG	C	ID-4966	RUNX1	p.Pro57ArgfsTer15	Desai	1
chr21	43094662	C	CATA	ID-4884	U2AF1	p.Tyr158dup	Desai	1
chr21	43094667	T	C	EPIC_0176	U2AF1	p.Q157R	Abelson DC	11
chr21	43094670	C	T	PD35548c	U2AF1	p.R156H	Abelson VC	4
chr21	43104346	G	A	EPIC_0044	U2AF1	p.S34F	Abelson DC	8
chr21	43107454	T	C	id15962	U2AF1	p.D14G	Jaiswal 2015	1
chr22	30341868	G	G	id7140	SF3A1	p.P298fs	Jaiswal 2015	1
chr22	41127638	G	C	id4590	EP300	p.R353fs	Jaiswal 2015	1
chr3	38141150	T	C	42D	MYD88	p.(*205Argext*8)	Frick	6
chr3	47042655	G	G	id7288	SETD2	p.P2381fs	Jaiswal 2015	1
chr3	47062240	TTTAT	G	id12181	SETD2	p.N2138fs	Jaiswal 2015	1
chr3	47083838	G	G	id1369	SETD2	p.Q2048fs	Jaiswal 2015	1
chr3	47116735	G	A	id7102	SETD2	p.R1492*	Jaiswal 2015	1
chr3	70977019	G	T	id15631	FOXP1	p.K484fs	Jaiswal 2015	1
chr3	105734008	C	T	7296	CBLB	p.?	Arends	1
chr3	128481887	A	C	EPIC_0479	GATA2	p.L359V	Abelson DC	1
chr3	136359173	G	A	id16988	STAG1	p.R971*	Jaiswal 2015	1
chr3	177033096	G	A	id9755	TBL1XR1	p.R431*	Jaiswal 2015	1
chr3	179198938	G	A	id9419	PIK3CA	p.R38H	Jaiswal 2015	1
chr3	179198940	G	T	AH176	PIK3CA	p.Glu39*	Acuna-Hidalgo	1
chr3	183555362	T	A	id14548	KLHL6	p.R98W	Jaiswal 2015	1
chr4	54728031	C	T	id3248	KIT	p.R634W	Jaiswal 2015	1
chr4	54733071			128D	KIT	p.(Cys788Tyr)	Frick	1
chr4	54733155	A	T	EPIC_0305	KIT	p.D816V	Abelson DC	1
chr4	105234159	G	A	id16185	TET2	p.R73fs	Jaiswal 2015	1
chr4	105234196	A	G	id16184	TET2	p.Y85fs	Jaiswal 2015	1
chr4	105234197	T	G	EPIC_0397	TET2	p.Y85*	Abelson DC	1
chr4	105234246	TC	G	id6767	TET2	p.S123fs	Jaiswal 2015	1
chr4	105234273	A	T	EPIC_0300	TET2	p.K111*	Abelson DC	1
chr4	105234282	C	T	EPIC_0367	TET2	p.Q114*	Abelson DC	1
chr4	105234373	T	A	EPIC_0236	TET2	p.L144*	Abelson DC	1
chr4	105234387	G	G	id6962	TET2	p.E170fs	Jaiswal 2015	2
chr4	105234428	T	G	id14838	TET2	p.D162fs	Jaiswal 2015	1
chr4	105234436	G	GT	ID-2307	TET2	p.Ser167PhefsTer4	Desai	1
chr4	105234448	AT	-	EPIC_0412	TET2	p.H169fs*14	Abelson DC	1
chr4	105234455	C	A	EPIC_0106	TET2	p.C171*	Abelson DC	1
chr4	105234480	C	T	ID-2890	TET2	p.Gln180Ter	Desai	1
chr4	105234483	AT	G	id14877	TET2	p.I181fs	Jaiswal 2015	1
chr4	105234495	C	T	EPIC_0512	TET2	p.Q185*	Abelson DC	1
chr4	105234538	T	TA	ID-5156	TET2	p.Leu200ThrfsTer2	Desai	1
chr4	105234592	C	-	11064	TET2	p.S217fs	Jaiswal 2017	1
chr4	105234604	G	A	id6024	TET2	p.T221fs	Jaiswal 2015	1
chr4	105234607	A	G	6175	TET2	p.(His222Arg)	Arends	1
chr4	105234624	A	T	EPIC_0347	TET2	p.K228*	Abelson DC	1
chr4	105234713	TA	T	ID-9251	TET2	p.Asn258MetfsTer35	Desai	1
chr4	105234722	G	G	id15531	TET2	p.L260fs	Jaiswal 2015	1
chr4	105234740	C	-	BGM1719906	TET2	p.H266fs	Jaiswal 2017	1
chr4	105234758	GC	G	rd-id-206	TET2		Genovese 2015	1
chr4	105234764	C	G	id16146	TET2	p.I274fs	Jaiswal 2015	1
chr4	105234811	CA	C	ID-3732	TET2	p.Val291TrpfsTer2	Desai	1
chr4	105234846	GA	G	ID-3312	TET2	p.Asp302ValfsTer6	Desai	1
chr4	105234873	G	T	id12755	TET2	p.L311fs	Jaiswal 2015	1
chr4	105234900	G	T	EPIC_0248	TET2	p.E320*	Abelson DC	1
chr4	105234912	C	T	EPIC_0300	TET2	p.Q324*	Abelson DC	1
chr4	105234922	C	G	rd-id-207	TET2	p.S327X	Genovese 2015	1
chr4	105234940	C	T	5914	TET2	p.(Pro333Leu)	Arends	2
chr4	105234963	C	T	id3816	TET2	p.Q341*	Jaiswal 2015	1
chr4	105235003	C	G	PD29918b	TET2	p.S354*	Abelson VC	2
chr4	105235054	T	A	EPIC_0424	TET2	p.L371*	Abelson DC	1
chr4	105235089	C	T	id13812	TET2	p.Q383*	Jaiswal 2015	1
chr4	105235098	G	C	EPIC_0290	TET2	p.V386L	Abelson DC	1
chr4	105235147	C	G	id12421	TET2	p.S423*	Jaiswal 2015	1
chr4	105235158	G	T	id6395	TET2	p.L427fs	Jaiswal 2015	1
chr4	105235159	TT	-	EPIC_0327	TET2	p.S407fs*20	Abelson DC	1
chr4	105235182			351D	TET2	p.(Q414*)	Frick	1
chr4	105235191	C	T	EPIC_0382	TET2	p.Q417*	Abelson DC	1
chr4	105235201	C	G	id4591	TET2	p.S420fs	Jaiswal 2015	1
chr4	105235210	A	AAAGCACTCTGAATGGTGGAGTTTTAGAAGAACACCACCACTACCCCAACCAAAGT	ID-7149	TET2	p.Asn442LysfsTer19	Desai	1
chr4	105235214	C	G	id16100	TET2	p.S424fs	Jaiswal 2015	1
chr4	105235252	A	AC	rd-id-208	TET2		Genovese 2015	1
chr4	105235260	C	T	4706	TET2	p.(Gln440*)	Arends	1
chr4	105235264	G	T	id6669	TET2	p.S462fs	Jaiswal 2015	1
chr4	105235265	TA	T	ID-9397	TET2	p.Asn442ThrfsTer5	Desai	1
chr4	105235284	G	T	rd-id-209	TET2	p.E448X	Genovese 2015	1
chr4	105235295	A	G	id9978	TET2	p.I472fs	Jaiswal 2015	1
chr4	105235311	G	A	EPIC_0431	TET2	p.A457T	Abelson DC	1
chr4	105235323			126D	TET2	p.(Q461*)	Frick	1
chr4	105235383	C	T	id8613	TET2	p.Q481*	Jaiswal 2015	1
chr4	105235407	GA	G	rd-id-210	TET2		Genovese 2015	1
chr4	105235433	G	GTTC	id6946	TET2	p.T518fs	Jaiswal 2015	1
chr4	105235441	T	A	ID-627	TET2	p.Leu500Ter	Desai	1
chr4	105235466	GT	G	rd-id-211	TET2		Genovese 2015	1
chr4	105235468	C	G	id9844	TET2	p.S530*	Jaiswal 2015	1
chr4	105235508	T	G	id8992	TET2	p.S543fs	Jaiswal 2015	1
chr4	105235530	C	T	id13286	TET2	p.Q530*	Jaiswal 2015	2
chr4	105235536	T	G	id5667	TET2	p.L532fs	Jaiswal 2015	1
chr4	105235537	T	A	id13788	TET2	p.L532*	Jaiswal 2015	1
chr4	105235542	A	T	PD30010b	TET2	p.R534*	Abelson VC	2
chr4	105235568	G	C	EPIC_0223	TET2	p.K542N	Abelson DC	1
chr4	105235572	C	T	id9033	TET2	p.R544*	Jaiswal 2015	1
chr4	105235584	C	T	EPIC_0309	TET2	p.Q548*	Abelson DC	3
chr4	105235590	C	T	EPIC_0149	TET2	p.R550*	Abelson DC	8
chr4	105235601	G	GC	ID-8323	TET2	p.Thr556AsnfsTer11	Desai	2
chr4	105235633	G	A	id10707	TET2	p.W585*	Jaiswal 2015	1
chr4	105235663	A	G	id9756	TET2	p.Q595fs	Jaiswal 2015	1
chr4	105235678	G	A	id5827	TET2	p.L579fs	Jaiswal 2015	1
chr4	105235695	T	G	EPIC_0249	TET2	p.S585A	Abelson DC	1
chr4	105235705	C	G	id17116	TET2	p.S588*	Jaiswal 2015	2
chr4	105235718	T	A	EPIC_0271	TET2	p.Y592*	Abelson DC	1
chr4	105235737	C	T	8632	TET2	p.Q599*	Jaiswal 2017	1
chr4	105235757			375D	TET2	p.(Tyr605*)	Frick	1
chr4	105235779	G	G	13D	TET2	p.(Gly614Glyfs*25)	Frick	2
chr4	105235818	C	T	EPIC_0158	TET2	p.Q626*	Abelson DC	2
chr4	105235846	A	G	id9231	TET2	p.Q656fs	Jaiswal 2015	1
chr4	105235872	C	T	ID-1234	TET2	p.Gln644Ter	Desai	1
chr4	105235932	A	G	ID-7233	TET2	p.Lys664Glu	Desai	1
chr4	105235949	A	G	id7339	TET2	p.P690fs	Jaiswal 2015	1
chr4	105235996	AA	-	BGM1698906	TET2	p.Q685fs	Jaiswal 2017	1
chr4	105235998	AG	G	id5554	TET2	p.R686fs	Jaiswal 2015	1
chr4	105236005	A	AT	rd-id-214	TET2		Genovese 2015	1
chr4	105236016	G	A	id14876	TET2	p.E692fs	Jaiswal 2015	1
chr4	105236022	CT	C	ID-4027	TET2	p.Met695CysfsTer5	Desai	1
chr4	105236025	AT	A	PD29792b	TET2	p.M695fs*5	Abelson VC	1
chr4	105236035			47D	TET2	p.(Val698Glyfs*2)	Frick	1
chr4	105236055	C	T	ID-6928	TET2	p.Gln705Ter	Desai	2
chr4	105236058	C	T	ID-7408	TET2	p.Gln706Ter	Desai	1
chr4	105236079	T	G	id8785	TET2	p.F713fs	Jaiswal 2015	1
chr4	105236113	AT	-	BGM1006406	TET2	p.H724fs	Jaiswal 2017	1
chr4	105236117	ACAGG	A	ID-4305	TET2	p.Ala727HisfsTer23	Desai	1
chr4	105236142	C	T	ID-8285	TET2	p.Gln734Ter	Desai	2
chr4	105236149	C	A	id10777	TET2	p.S757*	Jaiswal 2015	1
chr4	105236156	C	G	id12296	TET2	p.L759fs	Jaiswal 2015	1
chr4	105236160	C	T	ID-5755	TET2	p.Gln740Ter	Desai	1
chr4	105236169	C	G	id9503	TET2	p.Q764fs	Jaiswal 2015	1
chr4	105236175	CAG	C	rd-id-215	TET2		Genovese 2015	1
chr4	105236178	C	T	rd-id-216	TET2	p.Q746X	Genovese 2015	1
chr4	105236192	AAAG	G	id6622	TET2	p.I771fs	Jaiswal 2015	1
chr4	105236210	AC	A	rd-id-217	TET2		Genovese 2015	1
chr4	105236214	C	T	id11567	TET2	p.Q779*	Jaiswal 2015	1
chr4	105236227	G	C	id9593	TET2	p.H783fs	Jaiswal 2015	1
chr4	105236232	C	T	ID-5296	TET2	p.Gln764Ter	Desai	3
chr4	105236250	C	T	6182	TET2	p.(Gln770*)	Arends	2
chr4	105236259	G	T	ID-6422	TET2	p.Gly773Ter	Desai	1
chr4	105236310	C	T	rd-id-218	TET2	p.Q790X	Genovese 2015	1
chr4	105236323	C	G	11081	TET2	p.S794*	Jaiswal 2017	1
chr4	105236336	G	A	id6628	TET2	p.E819fs	Jaiswal 2015	1
chr4	105236346	GT	G	rd-id-219	TET2		Genovese 2015	1
chr4	105236368	TA	T	rd-id-220	TET2		Genovese 2015	1
chr4	105236385	A	T	rd-id-221	TET2	p.R815X	Genovese 2015	1
chr4	105236451	AAT	A	rd-id-222	TET2		Genovese 2015	1
chr4	105236458	A	G	id5794	TET2	p.H839fs	Jaiswal 2015	1
chr4	105236459	C	G	id6042	TET2	p.H839fs	Jaiswal 2015	1
chr4	105236481	C	T	rd-id-223	TET2	p.Q847X	Genovese 2015	1
chr4	105236496	G	T	PD29962b	TET2	p.E852*	Abelson VC	1
chr4	105236514	A	G	id15401	TET2	p.K858fs	Jaiswal 2015	1
chr4	105236538	C	T	id16170	TET2	p.Q866*	Jaiswal 2015	1
chr4	105236549			435D	TET2	p.(Asn870Ilefs*3)	Frick	1
chr4	105236574	C	G	id7611	TET2	p.L878fs	Jaiswal 2015	1
chr4	105236598	C	T	AH191	TET2	p.Gln886*	Acuna-Hidalgo	1
chr4	105236604	C	T	rd-id-224	TET2	p.Q888X	Genovese 2015	1
chr4	105236616	C	T	ID-3237	TET2	p.Gln892Ter	Desai	1
chr4	105236659	G	GTCTG	id3168	TET2	p.M906fs	Jaiswal 2015	1
chr4	105236667	C	T	id15069	TET2	p.Q909*	Jaiswal 2015	1
chr4	105236670	C	T	PD29764b	TET2	p.Q910*	Abelson VC	2
chr4	105236676	GC	G	id14836	TET2	p.A912fs	Jaiswal 2015	1
chr4	105236679			165D	TET2	p.(Q913*)	Frick	1
chr4	105236685	G	GCT	205D	TET2	p.(Ala915Leufs*6)	Frick	2
chr4	105236688	C	T	id9874	TET2	p.Q937*	Jaiswal 2015	2
chr4	105236698	A	ACT	ID-5296	TET2	p.Leu920SerfsTer2	Desai	1
chr4	105236813			419D	TET2	p.L957fs	Frick	1
chr4	105236857	C	CT	ID-8391	TET2	p.Cys973LeufsTer3	Desai	1
chr4	105236908	G	A	id8791	TET2	p.P989fs	Jaiswal 2015	1
chr4	105236967	C	T	5660	TET2	p.(Gln1009*)	Arends	1
chr4	105236983	G	A	id2276	TET2	p.A1014fs	Jaiswal 2015	1
chr4	105237003	C	T	id6161	TET2	p.Q1042*	Jaiswal 2015	1
chr4	105237030	C	T	id2189	TET2	p.Q1030*	Jaiswal 2015	1
chr4	105237067	AC	A	rd-id-226	TET2		Genovese 2015	1
chr4	105237069	G	AT	id10415	TET2	p.H1064fs	Jaiswal 2015	1
chr4	105237076			205D	TET2	p.(T1047Serfs*7)	Frick	1
chr4	105237093	C	T	BGM1717706	TET2	p.Q1051*	Jaiswal 2017	1
chr4	105237175	C	G	id8806	TET2	p.T1078fs	Jaiswal 2015	1
chr4	105237192	C	T	5651	TET2	p.(Gln1084*)	Arends	2
chr4	105237199	CT	G	id2308	TET2	p.T1107fs	Jaiswal 2015	1
chr4	105237202	CTT	C	rd-id-228	TET2		Genovese 2015	1
chr4	105237221	C	CA	rd-id-229	TET2		Genovese 2015	2
chr4	105237250	A	AT	ID-3237	TET2	p.Ile1105TyrfsTer25	Desai	1
chr4	105237251	TT	G	id14667	TET2	p.N1103fs	Jaiswal 2015	2
chr4	105237282	AC	G	id15950	TET2	p.T1114fs	Jaiswal 2015	1
chr4	105237285	C	CT	rd-id-231	TET2		Genovese 2015	1
chr4	105237315	A	T	6519	TET2	p.(Lys1125*)	Arends	1
chr4	105237322	G	T	id6026	TET2	p.Q1127fs	Jaiswal 2015	1
chr4	105237328	AT	A	rd-id-232	TET2		Genovese 2015	1
chr4	105237339	T	TG	PD35594c	TET2	p.C1133fs*9	Abelson VC	1
chr4	105237346	G	A	id9984	TET2	p.C1135Y	Jaiswal 2015	1
chr4	105237352	G	C	PD29792b	TET2	p.?	Abelson VC	6
chr4	105237353	T	A	ID-5144	TET2		Desai	1
chr4	105237422	A	AT	rd-id-234	TET2		Genovese 2015	1
chr4	105237438	T	A	rd-id-235	TET2	p.X1166K	Genovese 2015	1
chr4	105241337	A	G	ID-7004	TET2		Desai	1
chr4	105241366	C	CT	ID-4757	TET2	p.Tyr1148LeufsTer9	Desai	1
chr4	105241372	A	C	EPIC_0069	TET2	p.Y1148S	Abelson DC	2
chr4	105241381	T	C	ID-4132	TET2	p.Leu1151Pro	Desai	1
chr4	105241402	C	T	EPIC_0445	TET2	p.A1158V	Abelson DC	2
chr4	105241405	C	CT	ID-9184	TET2	p.Ile1160TyrfsTer2	Desai	1
chr4	105241430	G	A	ID-7761	TET2		Desai	1
chr4	105242832	A	T	EPIC_0372	TET2	p.?	Abelson DC	1
chr4	105242863	T	G	EPIC_0165	TET2	p.I1177S	Abelson DC	2
chr4	105242868	AG	-	EPIC_0490	TET2	p.R1179fs*47	Abelson DC	2
chr4	105242908	G	T	5660	TET2	p.(Asp1162Tyr)	Arends	1
chr4	105242922	A	T	PD35531b	TET2	p.K1197*	Abelson VC	2
chr4	105242927	G	T	EPIC_0166	TET2	p.W1198C	Abelson DC	1
chr4	105242928	G	C	ID-5296	TET2		Desai	1
chr4	105243569	G	A	EPIC_0512	TET2	p.?	Abelson DC	1
chr4	105243595	A	G	EPIC_0174	TET2	p.E1207G	Abelson DC	1
chr4	105243601	T	C	BGM1682806	TET2	p.L1209P	Jaiswal 2017	1
chr4	105243607	G	A	EPIC_0516	TET2	p.C1211Y	Abelson DC	1
chr4	105243612	G	A	EPIC_0325	TET2	p.W1182*	Abelson DC	1
chr4	105243615	C	T	EPIC_0453	TET2	p.R1214W	Abelson DC	1
chr4	105243621	C	T	EPIC_0404	TET2	p.R1216*	Abelson DC	2
chr4	105243631	A	T	EPIC_0468	TET2	p.H1219L	Abelson DC	1
chr4	105243636	T	G	EPIC_0350	TET2	p.C1221G	Abelson DC	1
chr4	105243667	T	C	EPIC_0205	TET2	p.L1231P	Abelson DC	1
chr4	105243704	ACT	A	PD35553c	TET2	p.Y1245fs*22	Abelson VC	1
chr4	105243705			86D	TET2	p.(Tyr1266Leufs*22)	Frick	1
chr4	105243756	C	A	PD29762b	TET2	p.R1261S	Abelson VC	3
chr4	105243757	G	A	EPIC_0194	TET2	p.R1261H	Abelson DC	1
chr4	105243762	T	C	ID-312	TET2	p.Cys1263Arg	Desai	1
chr4	105243763	G	A	ID-8513	TET2	p.Cys1263Tyr	Desai	1
chr4	105243773	T	G	5705	TET2	p.(Asn1266Lys)	Arends	1
chr4	105243776	AGAG	A	6197	TET2	E1268Splice	Arends	1
chr4	105243780	T	G	ID-8878	TET2		Desai	1
chr4	105259618	G	A	ID-4069	TET2		Desai	1
chr4	105259627	G	C	EPIC_0261	TET2	p.C1271S	Abelson DC	1
chr4	105259636	AG	A	ID-9953	TET2	p.Leu1276TrpfsTer87	Desai	1
chr4	105259638	G	T	EPIC_0271	TET2	p.G1275W	Abelson DC	3
chr4	105259641	CTGGATCC	-	EPIC_0395	TET2	p.L1276fs*85	Abelson DC	1
chr4	105259660	G	C	EPIC_0208	TET2	p.G1282A	Abelson DC	1
chr4	105259673	TT	-	EPIC_0315	TET2	p.F1287fs*76	Abelson DC	1
chr4	105259692	A	T	EPIC_0116	TET2	p.M1293L	Abelson DC	1
chr4	105259695	T	A	PD35560b	TET2	p.Y1294N	Abelson VC	1
chr4	105259708	G	GT	ID-9251	TET2	p.Lys1299Ter	Desai	1
chr4	105259711	A	G	PD35542b	TET2	p.K1299R	Abelson VC	2
chr4	105259713	T	G	EPIC_0184	TET2	p.F1300V	Abelson DC	1
chr4	105259742	T	G	EPIC_0075	TET2	p.F1309L	Abelson DC	1
chr4	105259768	A	G	ID-312	TET2	p.Glu1318Gly	Desai	1
chr4	105259774	G	A	PD35733b	TET2	p.?	Abelson VC	2
chr4	105261757	A	G	EPIC_0507	TET2	p.?	Abelson DC	2
chr4	105261758	G	A	4885	TET2	E1319Splice	Arends	1
chr4	105261759	GA	G	ID-4305	TET2	p.Glu1320ArgfsTer43	Desai	1
chr4	105261769	T	A	EPIC_0433	TET2	p.L1322Q	Abelson DC	1
chr4	105261798	C	CT	ID-8939	TET2	p.Met1333TyrfsTer6	Desai	1
chr4	105261815	T	A	PD35719c	TET2	p.Y1337*	Abelson VC	1
chr4	105261826	C	G	PD35553c	TET2	p.A1341G	Abelson VC	1
chr4	105269618	T	A	EPIC_0028	TET2	p.Y1351*	Abelson DC	1
chr4	105269624	CA	C	PD35769c	TET2	p.R1354fs*9	Abelson VC	1
chr4	105269630	ACCAGAG	A	ID-310	TET2	p.Pro1356_Glu1357del	Desai	1
chr4	105269640	C	A	ID-9251	TET2	p.Arg1359Ser	Desai	2
chr4	105269641	G	C	EPIC_0119	TET2	p.R1359P	Abelson DC	1
chr4	105269646	G	T	BGM1171826	TET2	p.G1361C	Jaiswal 2017	1
chr4	105269647	G	A	ID-627	TET2	p.Gly1361Asp	Desai	1
chr4	105269655	G	T	PD30060b	TET2	p.E1364*	Abelson VC	2
chr4	105269660			20D	TET2	p.(Arg1387Valfs*82)	Frick	1
chr4	105269670	T	C	EPIC_0138	TET2	p.S1369P	Abelson DC	1
chr4	105269677	T	A	BGM1171826	TET2	p.V1371D	Jaiswal 2017	1
chr4	105269686	G	A	EPIC_0498	TET2	p.C1374Y	Abelson DC	1
chr4	105269692	A	T	PD35659b	TET2	p.D1376V	Abelson VC	2
chr4	105269697	T	C	ID-8014	TET2	p.Cys1378Arg	Desai	1
chr4	105269698	G	A	EPIC_0184	TET2	p.C1378Y	Abelson DC	1
chr4	105269701	C	T	5798	TET2	p.(Ala1379Val)	Arends	1
chr4	105269703	C	G	EPIC_0377	TET2	p.H1380D	Abelson DC	1
chr4	105269710	A	G	EPIC_0312	TET2	p.H1382R	Abelson DC	1
chr4	105269721	C	G	ID-7004	TET2	p.His1386Asp	Desai	1
chr4	105269725	A	T	EPIC_0065	TET2	p.N1387I	Abelson DC	2
chr4	105269737	G	A	6167	TET2	p.(Gly1391Asp)	Arends	1
chr4	105269741	C	G	PD35592c	TET2	p.S1392R	Abelson VC	1
chr4	105269743	C	T	PD29836b	TET2	p.T1393I	Abelson VC	2
chr4	105269748	G	A	EPIC_0415	TET2	p.?	Abelson DC	2
chr4	105269749	T	G	5656	TET2	L1394Splice	Arends	1
chr4	105272591	C	T	EPIC_0071	TET2	p.R1404*	Abelson DC	2
chr4	105272594	G	T	EPIC_0184	TET2	p.E1405*	Abelson DC	1
chr4	105272623	G	C	ID-7146	TET2	p.Gln1414His	Desai	1
chr4	105272644	C	G	EPIC_0166	TET2	p.Y1421*	Abelson DC	1
chr4	105272656	C	CGT	ID-5296	TET2	p.Asp1427ValfsTer22	Desai	1
chr4	105272692	G	GA	PD29762b	TET2	p.R1440fs*38	Abelson VC	2
chr4	105272693	A	T	EPIC_0177	TET2	p.K1438*	Abelson DC	1
chr4	105272727	CT	C	ID-4027	TET2	p.Arg1451GlyfsTer7	Desai	1
chr4	105272735	C	T	EPIC_0409	TET2	p.R1452*	Abelson DC	3
chr4	105272795	A	T	BGM1156926	TET2	p.K1472*	Jaiswal 2017	1
chr4	105272838	C	G	EPIC_0194	TET2	p.S1486*	Abelson DC	1
chr4	105272842	TA	T	ID-2631	TET2	p.Asn1489MetfsTer82	Desai	2
chr4	105272862	C	G	ID-6841	TET2	p.Ser1494Ter	Desai	1
chr4	105272909	C	T	ID-1793	TET2	p.Gln1510Ter	Desai	1
chr4	105272911	GT	G	ID-51	TET2	p.Leu1511TrpfsTer60	Desai	1
chr4	105272916	C	T	ID-8577	TET2	p.Ala1512Val	Desai	1
chr4	105275050	CTT	C	ID-3836	TET2	p.Leu1515AlafsTer62	Desai	1
chr4	105275056	C	T	EPIC_0205	TET2	p.R1516*	Abelson DC	3
chr4	105275077	C	T	ID-310	TET2	p.Gln1523Ter	Desai	1
chr4	105275110	C	T	5913	TET2	p.(Gln1534*)	Arends	2
chr4	105275125	CAG	-	EPIC_0371	TET2	p.Q1539fs*38	Abelson DC	2
chr4	105275148	GCAGCAGCCACATCACC	G	ID-9900	TET2	p.Gln1547LeufsTer19	Desai	1
chr4	105275149	C	T	EPIC_0084	TET2	p.Q1547*	Abelson DC	1
chr4	105275232	T	TCCAGTTAGTCCTTATCCAAACTCTTCACACACTTCAGATATCTATGGAAGCA	ID-6123	TET2	p.Pro1594GlnfsTer37	Desai	1
chr4	105275273	-	CTATGGAAGCACCAGCC	EPIC_0377	TET2	p.Y1589fs*30	Abelson DC	1
chr4	105275358	CCCTTACC	-	EPIC_0459	TET2	p.P1617fs*4	Abelson DC	1
chr4	105275404	C	T	5804	TET2	p.(Gln1632*)	Arends	1
chr4	105275437	TC	T	ID-853	TET2	p.Pro1644HisfsTer51	Desai	1
chr4	105275464	C	T	EPIC_0295	TET2	p.Q1652*	Abelson DC	1
chr4	105275470	C	T	EPIC_0185	TET2	p.Q1654*	Abelson DC	1
chr4	105275584	A	T	5713	TET2	p.(Lys1692*)	Arends	1
chr4	105275609	AT	-	EPIC_0315	TET2	p.N1700fs*19	Abelson DC	1
chr4	105275644	A	T	ID-2057	TET2	p.Arg1712Ter	Desai	1
chr4	105275780	A	-	8100	TET2	p.H1778fs	Jaiswal 2017	1
chr4	105275801	ATAACTACAG	-	EPIC_0476	TET2	p.N1765_S1767delNYS	Abelson DC	1
chr4	105275824	ATGTTCA	-	EPIC_0034	TET2	p.M1772_F1773delMF	Abelson DC	1
chr4	105275835	CT	-	EPIC_0473	TET2	p.S1776fs*44	Abelson DC	1
chr4	105275846	CCCTGCAT	C	ID-3237	TET2	p.Leu1780SerfsTer38	Desai	1
chr4	105275900	T	A	5913	TET2	p.(Leu1797*)	Arends	1
chr4	105275992	C	T	EPIC_0272	TET2	p.Q1828*	Abelson DC	1
chr4	105276051	G	A	ID-9719	TET2	p.Trp1847Ter	Desai	1
chr4	105276080	CTGACATTGGGGGAGTGGCCGTGGCTCCAACTCATGGGTCAATTCTCATTGAGTGTGCA	C	ID-6637	TET2	p.Asp1858SerfsTer10	Desai	1
chr4	105276091	G	A	EPIC_0367	TET2	p.G1861R	Abelson DC	2
chr4	105276098	C	A	PD35769c	TET2	p.A1863D	Abelson VC	1
chr4	105276119	C	A	6297	TET2	p.(Ser1870*)	Arends	2
chr4	105276128	T	C	EPIC_0007	TET2	p.I1873T	Abelson DC	6
chr4	105276130	G	C	EPIC_0132	TET2	p.E1874Q	Abelson DC	2
chr4	105276133	T	G	ID-6847	TET2	p.Cys1875Gly	Desai	1
chr4	105276137	C	T	ID-6847	TET2	p.Ala1876Val	Desai	1
chr4	105276139	A	G	EPIC_0135	TET2	p.K1877E	Abelson DC	2
chr4	105276146	A	T	ID-8577	TET2	p.Glu1879Val	Desai	1
chr4	105276154	GC	G	PD29762b	TET2	p.T1883fs*4	Abelson VC	1
chr4	105276158	C	T	5659	TET2	p.(Thr1883Ile)	Arends	1
chr4	105276202	T	C	ID-7970	TET2	p.Ser1898Pro	Desai	1
chr4	105276209	T	G	ID-51	TET2	p.Val1900Gly	Desai	1
chr4	105276215	A	G	ID-4924	TET2	p.Tyr1902Cys	Desai	1
chr4	105276221	A	G	ID-8577	TET2	p.His1904Arg	Desai	2
chr4	105276222	T	G	5873	TET2	p.(His1904Gln)	Arends	2
chr4	105276244	C	T	ID-2890	TET2	p.His1912Tyr	Desai	3
chr4	105276280	A	G	EPIC_0449	TET2	p.K1924E	Abelson DC	1
chr4	152347073	G	A	id6058	FBXW7	c.e4G1	Jaiswal 2015	1
chr5	75426432	G	T	AH21	COL4A3BP	p.Ser260*	Acuna-Hidalgo	1
chr6	15501042	G	G	id1308	JARID2	p.L694fs	Jaiswal 2015	1
chr6	26056104	T	A	id4838	HIST1H1C	p.K109*	Jaiswal 2015	1
chr6	106105405	G	C	id2010	PRDM1	p.L415fs	Jaiswal 2015	1
chr6	106105661	G	C	id6622	PRDM1	p.A501fs	Jaiswal 2015	1
chr6	106105721	G	C	id6724	PRDM1	p.T521fs	Jaiswal 2015	1
chr6	107334242	G	G	id4938	PDSS2	p.N129fs	Jaiswal 2015	1
chr6	137874877	C	T	id5021	TNFAIP3	p.Q110*	Jaiswal 2015	1
chr6	137875748	C	T	id16445	TNFAIP3	p.R183*	Jaiswal 2015	1
chr6	137877159	G	T	id15210	TNFAIP3	p.E297*	Jaiswal 2015	1
chr7	2918501	C	T	ID-8285	CARD11	p.Arg866Gln	Desai	1
chr7	2937111	G	A	id5921	CARD11	p.R423W	Jaiswal 2015	1
chr7	50382594	A	G	ID-4966	IKZF1	p.Asn159Ser	Desai	1
chr7	50400498	C	A	id2011	IKZF1	p.Y477*	Jaiswal 2015	1
chr7	101916193	C	T	id3807	CUX1	p.Q37*	Jaiswal 2015	1
chr7	102104368	C	T	id12656	CUX1	p.R147*	Jaiswal 2015	1
chr7	102193841	G	A	id2276	CUX1	c.e13G1	Jaiswal 2015	1
chr7	102202157	G	GAA	ID-9507	CUX1	p.Leu967SerfsTer37	Desai	1
chr7	139398634	C	G	id7124	LUC7L2	p.D64fs	Jaiswal 2015	1
chr7	139402152	C	T	id5952	LUC7L2	p.Q91*	Jaiswal 2015	1
chr7	139412555	C	T	id4691	LUC7L2	p.R262*	Jaiswal 2015	1
chr7	140753332	T	A	ID-3555	BRAF	p.Lys601Asn	Desai	2
chr7	140753336	A	T	id9117	BRAF	p.V600E	Jaiswal 2015	1
chr7	140753350	A	C	AH6	BRAF	p.Phe595Leu	Acuna-Hidalgo	1
chr7	140778054	A	C	BGM1716606	BRAF	p.L485W	Jaiswal 2017	1
chr7	140781602	C	T	id15992	BRAF	p.G469E	Jaiswal 2015	1
chr7	148809351	C	T	6522	EZH2	p.(Arg690His)	Arends	1
chr7	148809369	C	T	id15352	EZH2	p.R679H	Jaiswal 2015	1
chr7	148814971	A	G	ID-312	EZH2	p.Cys539Arg	Desai	1
chr7	148818005	G	T	id6929	EZH2	p.S366fs	Jaiswal 2015	1
chr7	148819673	G	A	5459	EZH2	p.(Pro308Ser)	Arends	1
chr7	148826470	A	C	6292	EZH2	p.(His297Gln)	Arends	1
chr7	148847254	C	T	ID-866	EZH2	p.Trp15Ter	Desai	1
chr7	151490962	G	A	AH24	RHEB	p.Tyr35Tyr	Acuna-Hidalgo	1
chr7	152176500	G	A	PD35724b	KMT2C	p.Q2985*	Abelson VC	1
chr7	152177970	G	A	EPIC_0261	KMT2C	p.Q2495*	Abelson DC	2
chr7	152181201	T	C	EPIC_0261	KMT2C	p.Q2220R	Abelson DC	1
chr7	152187352	C	A	EPIC_0448	KMT2C	p.E1640*	Abelson DC	1
chr7	152273770	G	T	PD35621b	KMT2C	p.T316N	Abelson VC	1
chr7	152273799	A	C	PD35612b	KMT2C	p.Y306*	Abelson VC	1
chr8	116847643	A	G	6206	RAD21	p.(Cys585Arg)	Arends	1
chr8	116847693	T	A	PD35724b	RAD21	p.?	Abelson VC	1
chr8	116848982	C	T	6523	RAD21	p.(Trp556*)	Arends	1
chr8	116850703	G	T	id16143	RAD21	p.I512fs	Jaiswal 2015	1
chr8	116850764	G	A	id1013	RAD21	p.Q492*	Jaiswal 2015	1
chr8	116852669	GGTCTTCTGG	G	id8977	RAD21	p.P398fs	Jaiswal 2015	1
chr8	116854325			332D	RAD21	p.(Met361Val)	Frick	1
chr8	116854415	C	CT	ID-90	RAD21	p.Glu331ArgfsTer4	Desai	1
chr8	116854425	G	-	BGM1809806	RAD21	p.D327fs	Jaiswal 2017	1
chr8	116856278	A	AG	6538	RAD21	p.(Asp276*)	Arends	1
chr8	116856700	T	C	5967	RAD21	p.(Met254Val)	Arends	1
chr8	116857379	TAGGAGGTTAG	G	id16332	RAD21	p.S189fs	Jaiswal 2015	1
chr8	116861840	C	T	PD35778b	RAD21	p.?	Abelson VC	1
chr8	116863210	C	T	id3404	RAD21	p.R65Q	Jaiswal 2015	1
chr8	116863237	G	C	id12270	RAD21	p.S56*	Jaiswal 2015	1
chr8	116863246	A	T	PD35693b	RAD21	p.L53*	Abelson VC	1
chr8	132180251	C	T	AH167	KCNQ3	p.Ser228Asn	Acuna-Hidalgo	1
chr9	5073770	G	T	EPIC_0051	JAK2	p.V617F	Abelson DC	91
chr9	5073784	G	C	EPIC_0346	JAK2	p.E621D	Abelson DC	1
chr9	5081731	A	G	ID-696	JAK2	p.Glu814Gly	Desai	1
chr9	37020754	G	A	ID-4305	PAX5	p.Pro32Ser	Desai	1
chr9	130862826			187D	ABL1	p.(Val205Met)	Frick	1
chr9	130872943	A	G	5662	ABL1	p.(Asn331Asp)	Arends	1
chr9	136496149	GGA	G	ID-4132	NOTCH1	p.Ser2530ArgfsTer75	Desai	1
chr9	136496165	G	A	ID-4578	NOTCH1	p.Pro2525Leu	Desai	1
chr9	136496189	G	C	5314	NOTCH1	p.(Pro2517Arg)	Arends	1
chr9	136496801	C	T	5661	NOTCH1	p.(Arg2313Gln)	Arends	1
chr9	136505548	C	A	id12729	NOTCH1	p.E1450*	Jaiswal 2015	1
chr9	136519505	T	G	id966	NOTCH1	p.N268fs	Jaiswal 2015	1
chrX	15803709	G	A	BGM1163026	ZRSR2	p.W75*	Jaiswal 2017	1
chrX	15804175	G	C	id8081	ZRSR2	p.R126P	Jaiswal 2015	1
chrX	15820262	C	T	id13539	ZRSR2	p.R295*	Jaiswal 2015	1
chrX	15823065	A	G	id7280	ZRSR2	p.G424fs	Jaiswal 2015	1
chrX	40062819	G	G	id1443	BCOR	p.H1367fs	Jaiswal 2015	1
chrX	40063731	G	A	PD30154b	BCOR	p.Q1242*	Abelson VC	1
chrX	40071019	CG	G	id5900	BCOR	p.S1064fs	Jaiswal 2015	1
chrX	40073783	A	T	5851	BCOR	p.(Asn521Lys)	Arends	1
chrX	40074100	G	A	ID-4966	BCOR	p.Gln416Ter	Desai	1
chrX	40074490	T	G	id3439	BCOR	p.S286fs	Jaiswal 2015	1
chrX	40074590	G	T	EPIC_0447	BCOR	p.Y252*	Abelson DC	1
chrX	40074917	G	T	id6419	BCOR	p.N143fs	Jaiswal 2015	1
chrX	41337432	G	C	id17182	DDX3X	p.S24fs	Jaiswal 2015	1
chrX	41346406	CAGCAGTATGTAT	G	id6943	DDX3X	c.e13+1	Jaiswal 2015	1
chrX	45010991	G	A	ID-2043	KDM6A	p.Val139Ile	Desai	1
chrX	45020680	C	T	id12922	KDM6A	p.R172*	Jaiswal 2015	1
chrX	45059246	G	A	EPIC_0059	KDM6A	p.?	Abelson DC	2
chrX	45069624	G	T	ID-696	KDM6A	p.Glu657Ter	Desai	1
chrX	45070035	A	T	EPIC_0469	KDM6A	p.T794S	Abelson DC	1
chrX	45083494	C	G	id3440	KDM6A	p.P1107fs	Jaiswal 2015	1
chrX	45110078	G	A	EPIC_0410	KDM6A	p.?	Abelson DC	1
chrX	53382522	C	T	id8615	SMC1A	p.R1090H	Jaiswal 2015	1
chrX	77693937	C	T	ID-1542	ATRX	p.Gly124Asp	Desai	1
chrX	124022656	A	AT	5026	STAG2	p.(Asn12*)	Arends	1
chrX	124063883			16D	STAG2	p.(Val620Argfs*14)	Frick	1
chrX	124066211	T	A	id3061	STAG2	p.C711*	Jaiswal 2015	1
chrX	124095448			94D	STAG2	p.(Ser1155fs)	Frick	1
chrX	130013647	C	G	id16590	BCORL1	p.S292*	Jaiswal 2015	1
chrX	130014793			354D	BCORL1	p.(Gly674Ala)	Frick	1
chrX	130025295	C	T	id3227	BCORL1	p.R1332*	Jaiswal 2015	1
chrX	130037474			393D	BCORL1	p.(Ile1471Met)	Frick	1
chrX	134393503	G	A	5029	PHF6	p.(Met81Ile)	Arends	1
chrX	134413949	G	A	ID-8577	PHF6	p.Ala238Thr	Desai	1
chrX	134415042	CACA	C	ID-1809	PHF6	p.Thr255del	Desai	1
chrX	134415073	T	G	ID-5296	PHF6	p.Phe263Val	Desai	1
chrX	134417173	G	A	EPIC_0132	PHF6	p.C280Y	Abelson DC	1
chrX	134417235	T	TA	ID-312	PHF6	p.Tyr301Ter	Desai	1
chrX	134417250	G	T	id9810	PHF6	p.G306*	Jaiswal 2015	1
chrX	134417275	T	C	EPIC_0051	PHF6	p.I314T	Abelson DC	1
chrX	134425203	T	C	ID-4966	PHF6	p.Leu324Pro	Desai	1
chrX	134425271	C	T	EPIC_0212	PHF6	p.R347*	Abelson DC	1
chrX	155071546	C	T	11081	BRCC3	p.Q7*	Jaiswal 2017	1
chrX	155073432	G	A	5095	BRCC3	c.e3+1	Jaiswal 2017	1
chrX	155077215	C	T	id6955	BRCC3	p.R81*	Jaiswal 2015	2
chrX	155077237	A	G	AH8	BRCC3	p.Asp88Gly	Acuna-Hidalgo	1
chrX	155077239	C	T	id10536	BRCC3	p.R89*	Jaiswal 2015	2
chrX	155078660	G	A	id8978	BRCC3	p.W120*	Jaiswal 2015	1
chrX	155078703	G	T	id8963	BRCC3	c.e5+1	Jaiswal 2015	1
